Order_ID;Order_Date;Ship_Date;Ship_Mode;Customer_ID;Customer_Name;Segment;Country;City;State;Postal_Code;Region;Product_ID;Sales;Quantity;Discount;Profit;Person
CA-2016-100881;28/03/2016;01/04/2016;Standard Class;DR-12940;Daniel Raglin      ;Home Office;US;Albuquerque;New Mexico;87105;West;TEC-PH-10003273;302,4;3;0,2;22,7;Anna Andreadi 
CA-2016-100972;19/11/2016;24/11/2016;Second Class  ;DB-13360;Dennis Bolton      ;Home Office;US;Salt Lake ~cit;Utah;84106;West;OFF-PA-10000357;166,4;3;0;79,9;Anna Andreadi 
CA-2016-102645;23/01/2016;28/01/2016;Standard Class;IM-15055;Ionia McGrath      ;Consumer   ;US;Las Vegas;Nevada;89115;West;OFF-PA-10001804;40,1;6;0;19,2;Anna Andreadi 
CA-2016-104472;02/06/2016;07/06/2016;Standard Class;CK-12325;Christine Kargatis ;Home Office;US;Orem;Utah;84057;West;OFF-BI-10001658;59,8;3;0,2;19,4;Anna Andreadi 
CA-2016-104472;02/06/2016;07/06/2016;Standard Class;CK-12325;Christine Kargatis ;Home Office;US;Orem;Utah;84057;West;FUR-FU-10000246;73,3;6;0;22;Anna Andreadi 
CA-2016-104829;18/11/2016;21/11/2016;Second Class  ;JG-15805;John Grady         ;Corporate  ;US;Provo;Utah;84604;West;OFF-PA-10003016;22;7;0;9,9;Anna Andreadi 
CA-2016-106719;24/08/2016;24/08/2016;Same Day      ;RB-19645;Robert Barroso     ;Corporate  ;US;Billings;Montana;59102;West;OFF-BI-10002799;8,3;2;0,2;2,7;Anna Andreadi 
CA-2016-110555;11/04/2016;18/04/2016;Standard Class;MM-18055;Michelle Moray     ;Consumer   ;US;Great Falls;Montana;59405;West;OFF-ST-10000876;87,1;7;0;24,4;Anna Andreadi 
CA-2016-110555;11/04/2016;18/04/2016;Standard Class;MM-18055;Michelle Moray     ;Consumer   ;US;Great Falls;Montana;59405;West;TEC-PH-10000586;105,6;2;0,2;9,2;Anna Andreadi 
CA-2016-110555;11/04/2016;18/04/2016;Standard Class;MM-18055;Michelle Moray     ;Consumer   ;US;Great Falls;Montana;59405;West;TEC-AC-10003399;217,4;6;0;91,3;Anna Andreadi 
CA-2016-111451;26/12/2016;28/12/2016;First Class   ;KL-16555;Kelly Lampkin      ;Corporate  ;US;~colorado Spri;Colorado;80906;West;FUR-FU-10004091;300,4;8;0,2;78,9;Anna Andreadi 
CA-2016-111451;26/12/2016;28/12/2016;First Class   ;KL-16555;Kelly Lampkin      ;Corporate  ;US;~colorado Spri;Colorado;80906;West;FUR-CH-10001891;230,4;3;0,2;20,2;Anna Andreadi 
CA-2016-111451;26/12/2016;28/12/2016;First Class   ;KL-16555;Kelly Lampkin      ;Corporate  ;US;~colorado Spri;Colorado;80906;West;FUR-FU-10002918;218,4;3;0,2;-24,6;Anna Andreadi 
CA-2016-111451;26/12/2016;28/12/2016;First Class   ;KL-16555;Kelly Lampkin      ;Corporate  ;US;~colorado Spri;Colorado;80906;West;OFF-BI-10004593;78,6;5;0,7;-62,9;Anna Andreadi 
CA-2016-111451;26/12/2016;28/12/2016;First Class   ;KL-16555;Kelly Lampkin      ;Corporate  ;US;~colorado Spri;Colorado;80906;West;OFF-FA-10004854;27,6;3;0,2;9,3;Anna Andreadi 
CA-2016-114510;14/03/2016;19/03/2016;Standard Class;JF-15295;Jason Fortune-     ;Consumer   ;US;Logan;Utah;84321;West;OFF-BI-10001617;33,1;4;0,2;11,2;Anna Andreadi 
CA-2016-114510;14/03/2016;19/03/2016;Standard Class;JF-15295;Jason Fortune-     ;Consumer   ;US;Logan;Utah;84321;West;OFF-ST-10000736;81;1;0;3,2;Anna Andreadi 
CA-2016-114510;14/03/2016;19/03/2016;Standard Class;JF-15295;Jason Fortune-     ;Consumer   ;US;Logan;Utah;84321;West;TEC-AC-10004877;82,8;12;0;6,6;Anna Andreadi 
CA-2016-114510;14/03/2016;19/03/2016;Standard Class;JF-15295;Jason Fortune-     ;Consumer   ;US;Logan;Utah;84321;West;OFF-ST-10003221;21,4;2;0;5,8;Anna Andreadi 
CA-2016-114510;14/03/2016;19/03/2016;Standard Class;JF-15295;Jason Fortune-     ;Consumer   ;US;Logan;Utah;84321;West;OFF-BI-10003007;62;2;0,2;20,2;Anna Andreadi 
CA-2016-120096;04/07/2016;07/07/2016;First Class   ;KE-16420;Katrina Edelman    ;Corporate  ;US;Aurora;Colorado;80013;West;OFF-PA-10001977;177,5;4;0,2;62,1;Anna Andreadi 
CA-2016-120096;04/07/2016;07/07/2016;First Class   ;KE-16420;Katrina Edelman    ;Corporate  ;US;Aurora;Colorado;80013;West;OFF-AP-10000692;32,4;2;0,2;3,2;Anna Andreadi 
CA-2016-123477;18/01/2016;21/01/2016;Second Class  ;DW-13195;David Wiener       ;Corporate  ;US;Springfield;Oregon;97477;West;OFF-AP-10000692;64,9;4;0,2;6,5;Anna Andreadi 
CA-2016-124737;23/08/2016;27/08/2016;Standard Class;AP-10915;Arthur Prichep     ;Consumer   ;US;Denver;Colorado;80219;West;OFF-PA-10001837;15,6;3;0,2;5,4;Anna Andreadi 
CA-2016-124737;23/08/2016;27/08/2016;Standard Class;AP-10915;Arthur Prichep     ;Consumer   ;US;Denver;Colorado;80219;West;OFF-SU-10004661;6,8;1;0,2;0,5;Anna Andreadi 
CA-2016-124737;23/08/2016;27/08/2016;Standard Class;AP-10915;Arthur Prichep     ;Consumer   ;US;Denver;Colorado;80219;West;FUR-FU-10003274;4,2;3;0,2;1,3;Anna Andreadi 
CA-2016-124737;23/08/2016;27/08/2016;Standard Class;AP-10915;Arthur Prichep     ;Consumer   ;US;Denver;Colorado;80219;West;TEC-PH-10000149;143,6;9;0,2;10,8;Anna Andreadi 
CA-2016-124737;23/08/2016;27/08/2016;Standard Class;AP-10915;Arthur Prichep     ;Consumer   ;US;Denver;Colorado;80219;West;OFF-PA-10000019;31,1;6;0,2;10,9;Anna Andreadi 
CA-2016-124737;23/08/2016;27/08/2016;Standard Class;AP-10915;Arthur Prichep     ;Consumer   ;US;Denver;Colorado;80219;West;OFF-PA-10001125;223,1;9;0,2;69,7;Anna Andreadi 
CA-2016-125731;10/09/2016;16/09/2016;Standard Class;CL-12565;Clay Ludtke        ;Consumer   ;US;Gresham;Oregon;97030;West;OFF-EN-10003072;21,7;7;0,2;7,6;Anna Andreadi 
CA-2016-125731;10/09/2016;16/09/2016;Standard Class;CL-12565;Clay Ludtke        ;Consumer   ;US;Gresham;Oregon;97030;West;FUR-CH-10003973;1487;5;0,2;148,7;Anna Andreadi 
CA-2016-125759;08/02/2016;09/02/2016;First Class   ;NM-18445;Nathan Mautz       ;Home Office;US;North Las Veg;Nevada;89031;West;FUR-FU-10002111;14,6;2;0;5,5;Anna Andreadi 
CA-2016-126361;04/08/2016;09/08/2016;Second Class  ;VD-21670;Valerie Dominguez  ;Consumer   ;US;Pleasant Grov;Utah;84062;West;OFF-AP-10003590;1089,8;3;0;305,1;Anna Andreadi 
CA-2016-126361;04/08/2016;09/08/2016;Second Class  ;VD-21670;Valerie Dominguez  ;Consumer   ;US;Pleasant Grov;Utah;84062;West;OFF-PA-10000806;447,8;8;0;219,4;Anna Andreadi 
CA-2016-126361;04/08/2016;09/08/2016;Second Class  ;VD-21670;Valerie Dominguez  ;Consumer   ;US;Pleasant Grov;Utah;84062;West;OFF-AR-10000896;16,4;5;0;4,3;Anna Andreadi 
CA-2016-126361;04/08/2016;09/08/2016;Second Class  ;VD-21670;Valerie Dominguez  ;Consumer   ;US;Pleasant Grov;Utah;84062;West;TEC-PH-10002310;400;5;0,2;35;Anna Andreadi 
CA-2016-126361;04/08/2016;09/08/2016;Second Class  ;VD-21670;Valerie Dominguez  ;Consumer   ;US;Pleasant Grov;Utah;84062;West;OFF-ST-10002289;158,9;5;0;7,9;Anna Andreadi 
CA-2016-126361;04/08/2016;09/08/2016;Second Class  ;VD-21670;Valerie Dominguez  ;Consumer   ;US;Pleasant Grov;Utah;84062;West;OFF-BI-10002852;13,2;1;0,2;4,8;Anna Andreadi 
CA-2016-126760;26/07/2016;02/08/2016;Standard Class;KM-16720;Kunst Miller       ;Consumer   ;US;North Las Veg;Nevada;89031;West;TEC-PH-10001363;912;2;0,2;114;Anna Andreadi 
CA-2016-126760;26/07/2016;02/08/2016;Standard Class;KM-16720;Kunst Miller       ;Consumer   ;US;North Las Veg;Nevada;89031;West;FUR-CH-10003312;674,4;3;0,2;-109,6;Anna Andreadi 
CA-2016-126760;26/07/2016;02/08/2016;Standard Class;KM-16720;Kunst Miller       ;Consumer   ;US;North Las Veg;Nevada;89031;West;FUR-FU-10004018;134;9;0;36,2;Anna Andreadi 
CA-2016-126760;26/07/2016;02/08/2016;Standard Class;KM-16720;Kunst Miller       ;Consumer   ;US;North Las Veg;Nevada;89031;West;TEC-AC-10004814;171;3;0;70,1;Anna Andreadi 
CA-2016-129364;08/12/2016;13/12/2016;Standard Class;TB-21250;Tim Brockman       ;Consumer   ;US;Salem;Oregon;97301;West;OFF-LA-10001569;27,9;7;0,2;9,1;Anna Andreadi 
CA-2016-129364;08/12/2016;13/12/2016;Standard Class;TB-21250;Tim Brockman       ;Consumer   ;US;Salem;Oregon;97301;West;OFF-BI-10001132;6,5;4;0,7;-4,5;Anna Andreadi 
CA-2016-129364;08/12/2016;13/12/2016;Standard Class;TB-21250;Tim Brockman       ;Consumer   ;US;Salem;Oregon;97301;West;TEC-PH-10003095;52,7;3;0,2;19,8;Anna Andreadi 
CA-2016-129364;08/12/2016;13/12/2016;Standard Class;TB-21250;Tim Brockman       ;Consumer   ;US;Salem;Oregon;97301;West;OFF-SU-10000432;13,9;5;0,2;-2,6;Anna Andreadi 
CA-2016-129364;08/12/2016;13/12/2016;Standard Class;TB-21250;Tim Brockman       ;Consumer   ;US;Salem;Oregon;97301;West;TEC-AC-10004227;103,9;10;0,2;-18,2;Anna Andreadi 
CA-2016-129364;08/12/2016;13/12/2016;Standard Class;TB-21250;Tim Brockman       ;Consumer   ;US;Salem;Oregon;97301;West;OFF-LA-10004409;11,5;5;0,2;3,7;Anna Andreadi 
CA-2016-129364;08/12/2016;13/12/2016;Standard Class;TB-21250;Tim Brockman       ;Consumer   ;US;Salem;Oregon;97301;West;OFF-PA-10001569;10,4;2;0,2;3,6;Anna Andreadi 
CA-2016-129364;08/12/2016;13/12/2016;Standard Class;TB-21250;Tim Brockman       ;Consumer   ;US;Salem;Oregon;97301;West;OFF-ST-10001031;39,1;3;0,2;2,9;Anna Andreadi 
CA-2016-129574;26/05/2016;29/05/2016;First Class   ;Dp-13240;Dean percer        ;Home Office;US;Murray;Utah;84107;West;OFF-PA-10002893;48,4;5;0;23,2;Anna Andreadi 
CA-2016-131947;17/09/2016;22/09/2016;Standard Class;JA-15970;Joseph Airdo       ;Consumer   ;US;Springfield;Oregon;97477;West;OFF-AR-10001473;5,2;2;0,2;0,5;Anna Andreadi 
CA-2016-131947;17/09/2016;22/09/2016;Standard Class;JA-15970;Joseph Airdo       ;Consumer   ;US;Springfield;Oregon;97477;West;OFF-AR-10000411;38,3;3;0,2;4,8;Anna Andreadi 
CA-2016-131947;17/09/2016;22/09/2016;Standard Class;JA-15970;Joseph Airdo       ;Consumer   ;US;Springfield;Oregon;97477;West;OFF-PA-10000246;40,2;5;0,2;13,1;Anna Andreadi 
CA-2016-131947;17/09/2016;22/09/2016;Standard Class;JA-15970;Joseph Airdo       ;Consumer   ;US;Springfield;Oregon;97477;West;TEC-MA-10004086;29,9;5;0,7;-21,9;Anna Andreadi 
CA-2016-131947;17/09/2016;22/09/2016;Standard Class;JA-15970;Joseph Airdo       ;Consumer   ;US;Springfield;Oregon;97477;West;OFF-PA-10003039;148,7;6;0,2;46,5;Anna Andreadi 
CA-2016-131947;17/09/2016;22/09/2016;Standard Class;JA-15970;Joseph Airdo       ;Consumer   ;US;Springfield;Oregon;97477;West;TEC-AC-10004633;55,9;10;0,2;16,8;Anna Andreadi 
CA-2016-133690;03/08/2016;05/08/2016;First Class   ;BS-11755;Bruce Stewart      ;Consumer   ;US;Denver;Colorado;80219;West;FUR-TA-10004289;218,8;2;0,5;-161,9;Anna Andreadi 
CA-2016-133690;03/08/2016;05/08/2016;First Class   ;BS-11755;Bruce Stewart      ;Consumer   ;US;Denver;Colorado;80219;West;OFF-AP-10003622;2,6;1;0,2;0,3;Anna Andreadi 
CA-2016-134313;01/11/2016;07/11/2016;Standard Class;RA-19915;Russell Applegate  ;Consumer   ;US;Denver;Colorado;80219;West;OFF-AR-10001897;43,2;3;0,2;4,3;Anna Andreadi 
CA-2016-134313;01/11/2016;07/11/2016;Standard Class;RA-19915;Russell Applegate  ;Consumer   ;US;Denver;Colorado;80219;West;TEC-PH-10001795;1984;4;0,2;248;Anna Andreadi 
CA-2016-140816;20/12/2016;20/12/2016;Same Day      ;TC-21295;Toby Carlisle      ;Consumer   ;US;Thornton;Colorado;80229;West;TEC-AC-10001539;447,9;7;0,2;89,6;Anna Andreadi 
CA-2016-141355;25/09/2016;30/09/2016;Standard Class;BF-11005;Barry Franz        ;Home Office;US;Aurora;Colorado;80013;West;OFF-AR-10003179;14,6;2;0,2;2,4;Anna Andreadi 
CA-2016-142048;22/06/2016;25/06/2016;First Class   ;JE-15745;Joel Eaton         ;Consumer   ;US;Louisville;Colorado;80027;West;TEC-AC-10004114;196,8;6;0,2;56,6;Anna Andreadi 
CA-2016-143385;31/08/2016;05/09/2016;Standard Class;SJ-20500;Shirley Jackson    ;Consumer   ;US;Santa Fe;New Mexico;87505;West;TEC-AC-10001635;92,5;9;0;18,5;Anna Andreadi 
CA-2016-148915;01/11/2016;05/11/2016;Standard Class;ND-18370;Natalie DeCherney  ;Consumer   ;US;Portland;Oregon;97206;West;OFF-ST-10001128;443,9;5;0,2;-94,3;Anna Andreadi 
CA-2016-148915;01/11/2016;05/11/2016;Standard Class;ND-18370;Natalie DeCherney  ;Consumer   ;US;Portland;Oregon;97206;West;TEC-PH-10000673;156;3;0,2;54,6;Anna Andreadi 
CA-2016-152345;29/12/2016;03/01/2017;Second Class  ;ST-20530;Shui Tom           ;Consumer   ;US;Albuquerque;New Mexico;87105;West;TEC-PH-10004897;24;3;0,2;-5,7;Anna Andreadi 
CA-2016-152345;29/12/2016;03/01/2017;Second Class  ;ST-20530;Shui Tom           ;Consumer   ;US;Albuquerque;New Mexico;87105;West;OFF-ST-10003123;33,3;1;0;8;Anna Andreadi 
CA-2016-159121;26/07/2016;01/08/2016;Standard Class;JO-15145;Jack O'Briant      ;Corporate  ;US;Draper;Utah;84020;West;TEC-AC-10002006;111,9;7;0;34,7;Anna Andreadi 
CA-2016-160262;09/06/2016;13/06/2016;Second Class  ;TS-21205;Thomas Seio        ;Corporate  ;US;North Las Veg;Nevada;89031;West;OFF-AR-10002335;18,1;7;0;4,7;Anna Andreadi 
CA-2016-160262;09/06/2016;13/06/2016;Second Class  ;TS-21205;Thomas Seio        ;Corporate  ;US;North Las Veg;Nevada;89031;West;OFF-PA-10003641;79,1;3;0;36,4;Anna Andreadi 
CA-2016-160262;09/06/2016;13/06/2016;Second Class  ;TS-21205;Thomas Seio        ;Corporate  ;US;North Las Veg;Nevada;89031;West;FUR-FU-10002685;37,4;2;0;14,2;Anna Andreadi 
CA-2016-163419;11/11/2016;14/11/2016;Second Class  ;TZ-21580;Tracy Zic          ;Consumer   ;US;Louisville;Colorado;80027;West;OFF-AR-10000034;3,4;1;0,2;0,8;Anna Andreadi 
CA-2016-163419;11/11/2016;14/11/2016;Second Class  ;TZ-21580;Tracy Zic          ;Consumer   ;US;Louisville;Colorado;80027;West;TEC-PH-10000560;560;2;0,2;56;Anna Andreadi 
CA-2016-163419;11/11/2016;14/11/2016;Second Class  ;TZ-21580;Tracy Zic          ;Consumer   ;US;Louisville;Colorado;80027;West;FUR-CH-10000665;603,9;5;0,2;75,5;Anna Andreadi 
CA-2016-164210;18/11/2016;20/11/2016;Second Class  ;PW-19240;Pierre Wener       ;Consumer   ;US;Louisville;Colorado;80027;West;FUR-TA-10000849;146;2;0,5;-99,3;Anna Andreadi 
CA-2016-164210;18/11/2016;20/11/2016;Second Class  ;PW-19240;Pierre Wener       ;Consumer   ;US;Louisville;Colorado;80027;West;OFF-PA-10002259;35,8;4;0,2;12,5;Anna Andreadi 
CA-2016-164469;25/06/2016;27/06/2016;Second Class  ;GK-14620;Grace Kelly        ;Corporate  ;US;Salem;Oregon;97301;West;TEC-PH-10002115;264;5;0,2;19,8;Anna Andreadi 
CA-2016-164469;25/06/2016;27/06/2016;Second Class  ;GK-14620;Grace Kelly        ;Corporate  ;US;Salem;Oregon;97301;West;OFF-AR-10003478;71,6;11;0,2;17,9;Anna Andreadi 
CA-2016-164469;25/06/2016;27/06/2016;Second Class  ;GK-14620;Grace Kelly        ;Corporate  ;US;Salem;Oregon;97301;West;OFF-AR-10000475;9,3;1;0,2;0,8;Anna Andreadi 
CA-2016-167164;13/05/2016;15/05/2016;Second Class  ;AG-10270;Alejandro Grove    ;Consumer   ;US;West Jordan;Utah;84084;West;OFF-ST-10000107;55,5;2;0;10;Anna Andreadi 
CA-2016-168158;19/07/2016;24/07/2016;Standard Class;EM-14140;Eugene Moren       ;Home Office;US;Great Falls;Montana;59405;West;OFF-BI-10001759;6,1;2;0,2;2,2;Anna Andreadi 
CA-2016-168984;26/11/2016;02/12/2016;Standard Class;NW-18400;Natalie Webber     ;Consumer   ;US;Tigard;Oregon;97224;West;OFF-PA-10001166;15,6;3;0,2;5,4;Anna Andreadi 
CA-2016-168984;26/11/2016;02/12/2016;Standard Class;NW-18400;Natalie Webber     ;Consumer   ;US;Tigard;Oregon;97224;West;OFF-ST-10001097;669,1;5;0,2;-167,3;Anna Andreadi 
CA-2016-168984;26/11/2016;02/12/2016;Standard Class;NW-18400;Natalie Webber     ;Consumer   ;US;Tigard;Oregon;97224;West;TEC-PH-10000038;438,3;4;0,2;-87,7;Anna Andreadi 
CA-2017-101924;04/09/2017;09/09/2017;Standard Class;KB-16585;Ken Black          ;Corporate  ;US;Medford;Oregon;97504;West;OFF-BI-10000962;9,8;2;0,7;-6,8;Anna Andreadi 
CA-2017-104346;11/12/2017;16/12/2017;Standard Class;IM-15070;Irene Maddox       ;Consumer   ;US;~colorado Spri;Colorado;80906;West;OFF-AR-10001473;13,1;5;0,2;1,1;Anna Andreadi 
CA-2017-104346;11/12/2017;16/12/2017;Standard Class;IM-15070;Irene Maddox       ;Consumer   ;US;~colorado Spri;Colorado;80906;West;FUR-BO-10003450;69,6;4;0,7;-143,8;Anna Andreadi 
CA-2017-104346;11/12/2017;16/12/2017;Standard Class;IM-15070;Irene Maddox       ;Consumer   ;US;~colorado Spri;Colorado;80906;West;OFF-AR-10001545;4,2;3;0,2;0,5;Anna Andreadi 
CA-2017-104346;11/12/2017;16/12/2017;Standard Class;IM-15070;Irene Maddox       ;Consumer   ;US;~colorado Spri;Colorado;80906;West;TEC-AC-10004396;58,1;4;0,2;-6,5;Anna Andreadi 
CA-2017-104346;11/12/2017;16/12/2017;Standard Class;IM-15070;Irene Maddox       ;Consumer   ;US;~colorado Spri;Colorado;80906;West;FUR-FU-10002456;52,4;9;0,2;15,1;Anna Andreadi 
CA-2017-104346;11/12/2017;16/12/2017;Standard Class;IM-15070;Irene Maddox       ;Consumer   ;US;~colorado Spri;Colorado;80906;West;FUR-FU-10001473;54,9;5;0,2;11;Anna Andreadi 
CA-2017-104346;11/12/2017;16/12/2017;Standard Class;IM-15070;Irene Maddox       ;Consumer   ;US;~colorado Spri;Colorado;80906;West;FUR-TA-10000849;364,9;5;0,5;-248,2;Anna Andreadi 
CA-2017-104346;11/12/2017;16/12/2017;Standard Class;IM-15070;Irene Maddox       ;Consumer   ;US;~colorado Spri;Colorado;80906;West;OFF-PA-10001166;85,1;3;0,2;28,7;Anna Andreadi 
CA-2017-104346;11/12/2017;16/12/2017;Standard Class;IM-15070;Irene Maddox       ;Consumer   ;US;~colorado Spri;Colorado;80906;West;OFF-PA-10003256;27,7;3;0,2;9,7;Anna Andreadi 
CA-2017-105844;25/10/2017;27/10/2017;Second Class  ;JF-15415;Jennifer Ferguson  ;Consumer   ;US;Sparks;Nevada;89431;West;OFF-AR-10001955;79,4;4;0;23,8;Anna Andreadi 
CA-2017-106320;25/09/2017;30/09/2017;Standard Class;EB-13870;Emily Burns        ;Consumer   ;US;Orem;Utah;84057;West;FUR-TA-10000577;1044,6;3;0;240,3;Anna Andreadi 
CA-2017-106978;28/09/2017;04/10/2017;Standard Class;ZC-21910;Zuschuss Carroll   ;Consumer   ;US;Aurora;Colorado;80013;West;OFF-EN-10004483;12,5;1;0,2;4,2;Anna Andreadi 
CA-2017-106978;28/09/2017;04/10/2017;Standard Class;ZC-21910;Zuschuss Carroll   ;Consumer   ;US;Aurora;Colorado;80013;West;OFF-BI-10002012;1,1;2;0,7;-0,8;Anna Andreadi 
CA-2017-106978;28/09/2017;04/10/2017;Standard Class;ZC-21910;Zuschuss Carroll   ;Consumer   ;US;Aurora;Colorado;80013;West;OFF-FA-10003021;4,5;3;0,2;0,8;Anna Andreadi 
CA-2017-107468;18/12/2017;22/12/2017;Standard Class;MK-17905;Michael Kennedy    ;Corporate  ;US;Louisville;Colorado;80027;West;OFF-AR-10000634;6,8;2;0,2;0,6;Anna Andreadi 
CA-2017-107685;30/11/2017;02/12/2017;Second Class  ;JM-15865;John Murray        ;Consumer   ;US;Las Vegas;Nevada;89115;West;FUR-FU-10002813;81;4;0;29,1;Anna Andreadi 
CA-2017-107685;30/11/2017;02/12/2017;Second Class  ;JM-15865;John Murray        ;Consumer   ;US;Las Vegas;Nevada;89115;West;OFF-PA-10003848;25,9;4;0;12,4;Anna Andreadi 
CA-2017-107741;08/03/2017;10/03/2017;First Class   ;FC-14335;Fred Chung         ;Corporate  ;US;Pueblo;Colorado;81001;West;OFF-AR-10002399;3,4;1;0,2;0,9;Anna Andreadi 
CA-2017-109197;31/12/2017;04/01/2018;Standard Class;JO-15280;Jas O'Carroll      ;Consumer   ;US;Missoula;Montana;59801;West;OFF-BI-10004632;488;2;0,2;152,5;Anna Andreadi 
CA-2017-109939;08/05/2017;12/05/2017;Standard Class;AA-10375;Allen Armold       ;Consumer   ;US;Salem;Oregon;97301;West;OFF-AR-10000127;5,2;2;0,2;0,6;Anna Andreadi 
CA-2017-112767;02/08/2017;06/08/2017;Standard Class;DK-12985;Darren Koutras     ;Consumer   ;US;Springfield;Oregon;97477;West;FUR-TA-10003469;277,5;4;0,5;-188,7;Anna Andreadi 
CA-2017-115511;21/11/2017;25/11/2017;Standard Class;NW-18400;Natalie Webber     ;Consumer   ;US;Las Vegas;Nevada;89115;West;FUR-BO-10002598;142;2;0;41,2;Anna Andreadi 
CA-2017-115511;21/11/2017;25/11/2017;Standard Class;NW-18400;Natalie Webber     ;Consumer   ;US;Las Vegas;Nevada;89115;West;OFF-BI-10002225;66;4;0,2;23,1;Anna Andreadi 
CA-2017-116841;14/04/2017;18/04/2017;Standard Class;TP-21130;Theone Pippenger   ;Consumer   ;US;Springfield;Oregon;97477;West;OFF-AP-10002403;35,2;1;0,2;2,6;Anna Andreadi 
CA-2017-119214;23/01/2017;27/01/2017;Standard Class;CW-11905;Carl Weiss         ;Home Office;US;Bozeman;Montana;59715;West;OFF-PA-10002893;29;3;0;13,9;Anna Andreadi 
CA-2017-119214;23/01/2017;27/01/2017;Standard Class;CW-11905;Carl Weiss         ;Home Office;US;Bozeman;Montana;59715;West;OFF-LA-10003077;14,6;2;0;6,9;Anna Andreadi 
CA-2017-120362;14/09/2017;19/09/2017;Standard Class;CA-12265;Christina Anderson ;Consumer   ;US;Provo;Utah;84604;West;FUR-TA-10003008;912,8;5;0;118,7;Anna Andreadi 
CA-2017-123141;14/11/2017;19/11/2017;Standard Class;GZ-14470;Gary Zandusky      ;Consumer   ;US;Rio Ran~cho;New Mexico;87124;West;FUR-CH-10004287;883,8;4;0,2;99,4;Anna Andreadi 
CA-2017-123141;14/11/2017;19/11/2017;Standard Class;GZ-14470;Gary Zandusky      ;Consumer   ;US;Rio Ran~cho;New Mexico;87124;West;FUR-CH-10001891;230,4;3;0,2;20,2;Anna Andreadi 
CA-2017-123232;14/12/2017;16/12/2017;Second Class  ;DJ-13630;Doug Jacobs        ;Consumer   ;US;Portland;Oregon;97206;West;TEC-PH-10001051;320;4;0,2;36;Anna Andreadi 
CA-2017-123568;08/11/2017;14/11/2017;Standard Class;SC-20095;Sanjit Chand       ;Consumer   ;US;West Jordan;Utah;84084;West;OFF-FA-10002701;5;3;0;0,2;Anna Andreadi 
CA-2017-123568;08/11/2017;14/11/2017;Standard Class;SC-20095;Sanjit Chand       ;Consumer   ;US;West Jordan;Utah;84084;West;OFF-PA-10001125;92,9;3;0;41,8;Anna Andreadi 
CA-2017-123568;08/11/2017;14/11/2017;Standard Class;SC-20095;Sanjit Chand       ;Consumer   ;US;West Jordan;Utah;84084;West;FUR-FU-10004090;66,7;3;0;22;Anna Andreadi 
CA-2017-123568;08/11/2017;14/11/2017;Standard Class;SC-20095;Sanjit Chand       ;Consumer   ;US;West Jordan;Utah;84084;West;OFF-BI-10001510;91,7;5;0,2;28,6;Anna Andreadi 
CA-2017-126186;11/09/2017;12/09/2017;First Class   ;GB-14530;George Bell        ;Corporate  ;US;Aurora;Colorado;80013;West;FUR-FU-10000073;24,6;4;0,2;4;Anna Andreadi 
CA-2017-127019;21/12/2017;25/12/2017;Standard Class;ER-13855;Elpida Rittenbach  ;Corporate  ;US;~colorado Spri;Colorado;80906;West;OFF-AP-10003971;61;7;0,2;4,6;Anna Andreadi 
CA-2017-127481;12/12/2017;15/12/2017;Second Class  ;JD-15895;Jonathan Doherty   ;Corporate  ;US;Las Vegas;Nevada;89115;West;OFF-PA-10002036;32,4;5;0;15,9;Anna Andreadi 
CA-2017-127481;12/12/2017;15/12/2017;Second Class  ;JD-15895;Jonathan Doherty   ;Corporate  ;US;Las Vegas;Nevada;89115;West;OFF-PA-10002377;97,9;2;0;48,9;Anna Andreadi 
CA-2017-128167;22/06/2017;26/06/2017;Second Class  ;KL-16645;Ken Lonsdale       ;Consumer   ;US;Layton;Utah;84041;West;OFF-FA-10000490;5;4;0;2,3;Anna Andreadi 
CA-2017-128356;02/10/2017;07/10/2017;Standard Class;RP-19390;Resi Pölking       ;Consumer   ;US;Thornton;Colorado;80229;West;OFF-SU-10004290;10,9;2;0,2;1;Anna Andreadi 
CA-2017-129770;21/02/2017;23/02/2017;Second Class  ;JE-15715;Joe Elijah         ;Consumer   ;US;Las ~cru~ces;New Mexico;88001;West;OFF-PA-10000249;49,1;4;0;23,1;Anna Andreadi 
CA-2017-130848;25/10/2017;25/10/2017;Same Day      ;DG-13300;Deirdre Greer      ;Corporate  ;US;Denver;Colorado;80219;West;FUR-CH-10000422;582,3;8;0,2;-29,1;Anna Andreadi 
CA-2017-130883;26/09/2017;02/10/2017;Standard Class;TB-21520;Tracy Blumstein    ;Consumer   ;US;Portland;Oregon;97206;West;OFF-PA-10000474;141,8;5;0,2;47,8;Anna Andreadi 
CA-2017-130883;26/09/2017;02/10/2017;Standard Class;TB-21520;Tracy Blumstein    ;Consumer   ;US;Portland;Oregon;97206;West;TEC-AC-10001956;239,8;5;0,2;48;Anna Andreadi 
CA-2017-130883;26/09/2017;02/10/2017;Standard Class;TB-21520;Tracy Blumstein    ;Consumer   ;US;Portland;Oregon;97206;West;OFF-PA-10004100;31,1;6;0,2;10,9;Anna Andreadi 
CA-2017-132633;03/02/2017;05/02/2017;Second Class  ;KH-16630;Ken Heidel         ;Corporate  ;US;Pleasant Grov;Utah;84062;West;OFF-BI-10002432;12,1;3;0,2;4,1;Anna Andreadi 
CA-2017-133445;05/10/2017;09/10/2017;Standard Class;JF-15490;Jeremy Farry       ;Consumer   ;US;Portland;Oregon;97206;West;FUR-BO-10003660;66,3;1;0,7;-103,9;Anna Andreadi 
CA-2017-133445;05/10/2017;09/10/2017;Standard Class;JF-15490;Jeremy Farry       ;Consumer   ;US;Portland;Oregon;97206;West;FUR-CH-10000422;291,2;4;0,2;-14,6;Anna Andreadi 
CA-2017-137603;19/09/2017;24/09/2017;Standard Class;MH-17290;Marc Harrigan      ;Home Office;US;Santa Fe;New Mexico;87505;West;OFF-AR-10001972;8,4;5;0;2,2;Anna Andreadi 
CA-2017-138674;14/11/2017;17/11/2017;First Class   ;KB-16585;Ken Black          ;Corporate  ;US;Springfield;Oregon;97477;West;OFF-FA-10000304;8,7;5;0,2;2,3;Anna Andreadi 
CA-2017-138674;14/11/2017;17/11/2017;First Class   ;KB-16585;Ken Black          ;Corporate  ;US;Springfield;Oregon;97477;West;TEC-AC-10000358;91,2;3;0,2;4,6;Anna Andreadi 
CA-2017-138674;14/11/2017;17/11/2017;First Class   ;KB-16585;Ken Black          ;Corporate  ;US;Springfield;Oregon;97477;West;TEC-AC-10002800;160;4;0,2;30;Anna Andreadi 
CA-2017-138898;25/05/2017;29/05/2017;Standard Class;JH-16180;Justin Hirsh       ;Consumer   ;US;Pueblo;Colorado;81001;West;OFF-AP-10004487;845,7;13;0,2;84,6;Anna Andreadi 
CA-2017-141012;09/06/2017;11/06/2017;Second Class  ;TG-21640;Trudy Glocke       ;Consumer   ;US;Po~catello;Idaho;83201;West;FUR-FU-10003192;355,4;4;0;92,4;Anna Andreadi 
CA-2017-141012;09/06/2017;11/06/2017;Second Class  ;TG-21640;Trudy Glocke       ;Consumer   ;US;Po~catello;Idaho;83201;West;TEC-PH-10004522;140,4;3;0,2;8,8;Anna Andreadi 
CA-2017-144043;10/05/2017;15/05/2017;Standard Class;AB-10165;Alan Barnes        ;Consumer   ;US;Louisville;Colorado;80027;West;TEC-AC-10002718;46,7;4;0,2;-2,9;Anna Andreadi 
CA-2017-144519;13/11/2017;17/11/2017;Standard Class;AW-10930;Arthur Wiediger    ;Home Office;US;Helena;Montana;59601;West;TEC-PH-10004908;340;5;0,2;42,5;Anna Andreadi 
CA-2017-144519;13/11/2017;17/11/2017;Standard Class;AW-10930;Arthur Wiediger    ;Home Office;US;Helena;Montana;59601;West;FUR-FU-10000794;64;7;0;21,8;Anna Andreadi 
CA-2017-147788;31/05/2017;04/06/2017;Standard Class;TM-21010;Tamara Manning     ;Consumer   ;US;Orem;Utah;84057;West;FUR-BO-10004357;1406,9;7;0;140,7;Anna Andreadi 
CA-2017-147788;31/05/2017;04/06/2017;Standard Class;TM-21010;Tamara Manning     ;Consumer   ;US;Orem;Utah;84057;West;OFF-LA-10003766;15,8;5;0;7,6;Anna Andreadi 
CA-2017-147788;31/05/2017;04/06/2017;Standard Class;TM-21010;Tamara Manning     ;Consumer   ;US;Orem;Utah;84057;West;OFF-ST-10000046;323,1;2;0;61,4;Anna Andreadi 
CA-2017-149636;06/01/2017;12/01/2017;Standard Class;SP-20620;Stefania Perrino   ;Corporate  ;US;~colorado Spri;Colorado;80906;West;OFF-PA-10004041;29,6;5;0,2;9,2;Anna Andreadi 
CA-2017-149636;06/01/2017;12/01/2017;Standard Class;SP-20620;Stefania Perrino   ;Corporate  ;US;~colorado Spri;Colorado;80906;West;OFF-BI-10002764;1,9;2;0,7;-1,4;Anna Andreadi 
CA-2017-149678;13/04/2017;15/04/2017;Second Class  ;AW-10840;Anthony Witt       ;Consumer   ;US;Farmington;New Mexico;87401;West;OFF-SU-10004498;12,9;1;0;0,4;Anna Andreadi 
CA-2017-150714;26/10/2017;01/11/2017;Standard Class;KH-16690;Kristen Hastings   ;Corporate  ;US;Springfield;Oregon;97477;West;OFF-LA-10001474;146,5;6;0,2;47,6;Anna Andreadi 
CA-2017-150714;26/10/2017;01/11/2017;Standard Class;KH-16690;Kristen Hastings   ;Corporate  ;US;Springfield;Oregon;97477;West;OFF-PA-10001497;131,9;3;0,2;47,8;Anna Andreadi 
CA-2017-150714;26/10/2017;01/11/2017;Standard Class;KH-16690;Kristen Hastings   ;Corporate  ;US;Springfield;Oregon;97477;West;OFF-AP-10003287;203,9;5;0,2;20,4;Anna Andreadi 
CA-2017-150714;26/10/2017;01/11/2017;Standard Class;KH-16690;Kristen Hastings   ;Corporate  ;US;Springfield;Oregon;97477;West;OFF-BI-10002982;14,3;7;0,7;-10,5;Anna Andreadi 
CA-2017-150714;26/10/2017;01/11/2017;Standard Class;KH-16690;Kristen Hastings   ;Corporate  ;US;Springfield;Oregon;97477;West;OFF-ST-10001809;718,6;10;0,2;-161,7;Anna Andreadi 
CA-2017-150875;16/11/2017;20/11/2017;Standard Class;HK-14890;Heather Kirkland   ;Corporate  ;US;Boise;Idaho;83704;West;FUR-TA-10000577;696,4;2;0;160,2;Anna Andreadi 
CA-2017-150875;16/11/2017;20/11/2017;Standard Class;HK-14890;Heather Kirkland   ;Corporate  ;US;Boise;Idaho;83704;West;TEC-PH-10001254;304,8;3;0,2;22,9;Anna Andreadi 
CA-2017-151470;20/09/2017;26/09/2017;Standard Class;AM-10705;Anne McFarland     ;Consumer   ;US;Las Vegas;Nevada;89115;West;OFF-BI-10004040;45,6;11;0,2;16,5;Anna Andreadi 
CA-2017-151841;27/04/2017;02/05/2017;Standard Class;TC-21475;Tony Chapman       ;Home Office;US;Aurora;Colorado;80013;West;OFF-AP-10003971;43,6;5;0,2;3,3;Anna Andreadi 
CA-2017-151841;27/04/2017;02/05/2017;Standard Class;TC-21475;Tony Chapman       ;Home Office;US;Aurora;Colorado;80013;West;OFF-SU-10001574;5,8;2;0,2;0,7;Anna Andreadi 
CA-2017-155124;15/03/2017;21/03/2017;Standard Class;KS-16300;Karen Seio         ;Corporate  ;US;Lehi;Utah;84043;West;TEC-PH-10003356;16,8;3;0,2;1,7;Anna Andreadi 
CA-2017-156118;08/12/2017;12/12/2017;Standard Class;HG-14965;Henry Goldwyn      ;Corporate  ;US;~colorado Spri;Colorado;80906;West;OFF-PA-10000533;15,7;3;0,2;5,1;Anna Andreadi 
CA-2017-156566;01/10/2017;04/10/2017;First Class   ;EM-13960;Eric Murdock       ;Consumer   ;US;Portland;Oregon;97206;West;TEC-PH-10001817;572,8;2;0,2;50,1;Anna Andreadi 
CA-2017-157028;28/11/2017;03/12/2017;Standard Class;MA-17995;Michelle Arnett    ;Home Office;US;Las ~cru~ces;New Mexico;88001;West;OFF-AR-10004441;8,3;2;0;3,5;Anna Andreadi 
CA-2017-163895;07/08/2017;11/08/2017;Standard Class;NS-18640;Noel Staavos       ;Corporate  ;US;Boise;Idaho;83704;West;OFF-BI-10004970;3,3;1;0,2;1,1;Anna Andreadi 
CA-2017-165813;20/03/2017;22/03/2017;Second Class  ;BM-11785;Bryan Mills        ;Consumer   ;US;Salem;Oregon;97301;West;OFF-ST-10004258;29,3;3;0,2;2,6;Anna Andreadi 
CA-2017-166135;01/10/2017;06/10/2017;Standard Class;SC-20440;Shaun Chance       ;Corporate  ;US;Aurora;Colorado;80013;West;OFF-ST-10002974;139,4;4;0,2;17,4;Anna Andreadi 
CA-2017-166800;19/11/2017;26/11/2017;Standard Class;AG-10300;Aleksandra Gannaway;Corporate  ;US;Las Vegas;Nevada;89115;West;OFF-AP-10004868;31,1;4;0;8,4;Anna Andreadi 
CA-2017-169299;24/08/2017;26/08/2017;First Class   ;DO-13435;Denny Ordway       ;Consumer   ;US;Portland;Oregon;97206;West;OFF-AR-10002053;7,2;3;0,2;0,7;Anna Andreadi 
CA-2018-100083;24/11/2018;29/11/2018;Standard Class;CD-11980;Carol Darley       ;Consumer   ;US;Medford;Oregon;97504;West;OFF-PA-10000241;24,8;1;0,2;7,7;Anna Andreadi 
CA-2018-106383;19/03/2018;21/03/2018;Second Class  ;BT-11440;Bobby Trafton      ;Consumer   ;US;Littleton;Colorado;80122;West;FUR-BO-10002202;72,3;1;0,7;-98,8;Anna Andreadi 
CA-2018-106397;07/07/2018;13/07/2018;Standard Class;MJ-17740;Max Jones          ;Consumer   ;US;Orem;Utah;84057;West;OFF-PA-10003441;13;2;0;6,2;Anna Andreadi 
CA-2018-106397;07/07/2018;13/07/2018;Standard Class;MJ-17740;Max Jones          ;Consumer   ;US;Orem;Utah;84057;West;OFF-AR-10004602;46;2;0;12,9;Anna Andreadi 
CA-2018-107146;17/06/2018;19/06/2018;First Class   ;LC-16885;Lena Creighton     ;Consumer   ;US;Longmont;Colorado;80501;West;FUR-FU-10002298;266,4;3;0,2;-13,3;Anna Andreadi 
CA-2018-107146;17/06/2018;19/06/2018;First Class   ;LC-16885;Lena Creighton     ;Consumer   ;US;Longmont;Colorado;80501;West;FUR-CH-10004853;483,1;4;0,2;54,4;Anna Andreadi 
CA-2018-107202;21/05/2018;28/05/2018;Standard Class;LC-16930;Linda Cazamias     ;Corporate  ;US;Sparks;Nevada;89431;West;TEC-MA-10000112;2396,4;10;0,2;179,7;Anna Andreadi 
CA-2018-107615;22/03/2018;25/03/2018;First Class   ;RB-19645;Robert Barroso     ;Corporate  ;US;North Las Veg;Nevada;89031;West;TEC-AC-10001013;58,6;2;0;19,3;Anna Andreadi 
CA-2018-108056;29/09/2018;03/10/2018;Standard Class;ES-14080;Erin Smith         ;Corporate  ;US;Springfield;Oregon;97477;West;TEC-PH-10001817;859,2;3;0,2;75,2;Anna Andreadi 
CA-2018-108875;24/09/2018;01/10/2018;Standard Class;CL-12700;Craig Leslie       ;Home Office;US;Aurora;Colorado;80013;West;FUR-FU-10002671;21,4;2;0,2;7,5;Anna Andreadi 
CA-2018-108875;24/09/2018;01/10/2018;Standard Class;CL-12700;Craig Leslie       ;Home Office;US;Aurora;Colorado;80013;West;OFF-ST-10001370;511,1;9;0,2;-95,8;Anna Andreadi 
CA-2018-112109;08/07/2018;12/07/2018;Standard Class;JE-15715;Joe Elijah         ;Consumer   ;US;Broomfield;Colorado;80020;West;OFF-BI-10002082;20;2;0,7;-13,3;Anna Andreadi 
CA-2018-112109;08/07/2018;12/07/2018;Standard Class;JE-15715;Joe Elijah         ;Consumer   ;US;Broomfield;Colorado;80020;West;OFF-ST-10001505;33,5;7;0,2;-1,3;Anna Andreadi 
CA-2018-112109;08/07/2018;12/07/2018;Standard Class;JE-15715;Joe Elijah         ;Consumer   ;US;Broomfield;Colorado;80020;West;OFF-BI-10001634;8,7;4;0,7;-6,1;Anna Andreadi 
CA-2018-112109;08/07/2018;12/07/2018;Standard Class;JE-15715;Joe Elijah         ;Consumer   ;US;Broomfield;Colorado;80020;West;FUR-CH-10004287;662,9;3;0,2;74,6;Anna Andreadi 
CA-2018-114538;26/12/2018;27/12/2018;First Class   ;RC-19825;Roy Collins        ;Consumer   ;US;~colorado Spri;Colorado;80906;West;OFF-AR-10002445;11,3;2;0,2;2,5;Anna Andreadi 
CA-2018-114727;18/07/2018;24/07/2018;Standard Class;LS-16945;Linda Southworth   ;Corporate  ;US;Denver;Colorado;80219;West;FUR-CH-10002335;544;3;0,2;40,8;Anna Andreadi 
CA-2018-114727;18/07/2018;24/07/2018;Standard Class;LS-16945;Linda Southworth   ;Corporate  ;US;Denver;Colorado;80219;West;OFF-BI-10004967;1,9;3;0,7;-1,4;Anna Andreadi 
CA-2018-114727;18/07/2018;24/07/2018;Standard Class;LS-16945;Linda Southworth   ;Corporate  ;US;Denver;Colorado;80219;West;FUR-CH-10002331;854,4;3;0,2;10,7;Anna Andreadi 
CA-2018-114727;18/07/2018;24/07/2018;Standard Class;LS-16945;Linda Southworth   ;Corporate  ;US;Denver;Colorado;80219;West;OFF-ST-10002292;593,6;2;0,2;0;Anna Andreadi 
CA-2018-114727;18/07/2018;24/07/2018;Standard Class;LS-16945;Linda Southworth   ;Corporate  ;US;Denver;Colorado;80219;West;OFF-ST-10000689;338;3;0,2;-33,8;Anna Andreadi 
CA-2018-116911;15/09/2018;20/09/2018;Standard Class;JD-16150;Justin Deggeller   ;Corporate  ;US;Twin Falls;Idaho;83301;West;OFF-BI-10001249;20,4;4;0,2;6,6;Anna Andreadi 
CA-2018-116911;15/09/2018;20/09/2018;Standard Class;JD-16150;Justin Deggeller   ;Corporate  ;US;Twin Falls;Idaho;83301;West;FUR-TA-10003473;1128,4;3;0;259,5;Anna Andreadi 
CA-2018-122322;15/07/2018;21/07/2018;Standard Class;RH-19510;Rick Huthwaite     ;Home Office;US;Provo;Utah;84604;West;OFF-SU-10000952;44,4;5;0;12,4;Anna Andreadi 
CA-2018-125724;22/09/2018;27/09/2018;Standard Class;SM-20950;Suzanne McNair     ;Corporate  ;US;Broomfield;Colorado;80020;West;FUR-FU-10000246;68,4;7;0,2;8,6;Anna Andreadi 
CA-2018-125738;15/10/2018;21/10/2018;Standard Class;PB-18805;Patrick Bzostek    ;Home Office;US;Salt Lake ~cit;Utah;84106;West;OFF-PA-10000740;45,7;2;0;21;Anna Andreadi 
CA-2018-125738;15/10/2018;21/10/2018;Standard Class;PB-18805;Patrick Bzostek    ;Home Office;US;Salt Lake ~cit;Utah;84106;West;OFF-PA-10003001;60,1;9;0;28,9;Anna Andreadi 
CA-2018-125738;15/10/2018;21/10/2018;Standard Class;PB-18805;Patrick Bzostek    ;Home Office;US;Salt Lake ~cit;Utah;84106;West;OFF-BI-10001628;41,7;5;0,2;13;Anna Andreadi 
CA-2018-125738;15/10/2018;21/10/2018;Standard Class;PB-18805;Patrick Bzostek    ;Home Office;US;Salt Lake ~cit;Utah;84106;West;OFF-PA-10001509;71,6;8;0;32,9;Anna Andreadi 
CA-2018-130484;22/08/2018;27/08/2018;Standard Class;SG-20470;Sheri Gordon       ;Consumer   ;US;Gresham;Oregon;97030;West;OFF-BI-10000088;26,4;8;0,7;-18,4;Anna Andreadi 
CA-2018-131639;17/12/2018;23/12/2018;Standard Class;NS-18640;Noel Staavos       ;Corporate  ;US;~carlsbad;New Mexico;88220;West;OFF-BI-10001636;13,5;2;0,2;4,4;Anna Andreadi 
CA-2018-131639;17/12/2018;23/12/2018;Standard Class;NS-18640;Noel Staavos       ;Corporate  ;US;~carlsbad;New Mexico;88220;West;OFF-BI-10000948;11,4;1;0,2;3,9;Anna Andreadi 
CA-2018-138478;21/10/2018;26/10/2018;Second Class  ;DP-13390;Dennis Pardue      ;Home Office;US;North Las Veg;Nevada;89031;West;OFF-AR-10002240;113,2;3;0;29,4;Anna Andreadi 
CA-2018-138478;21/10/2018;26/10/2018;Second Class  ;DP-13390;Dennis Pardue      ;Home Office;US;North Las Veg;Nevada;89031;West;OFF-PA-10001801;35,9;6;0;17,6;Anna Andreadi 
CA-2018-138478;21/10/2018;26/10/2018;Second Class  ;DP-13390;Dennis Pardue      ;Home Office;US;North Las Veg;Nevada;89031;West;OFF-BI-10001120;4536;3;0,2;1644,3;Anna Andreadi 
CA-2018-139997;01/07/2018;03/07/2018;First Class   ;EM-14140;Eugene Moren       ;Home Office;US;Lehi;Utah;84043;West;TEC-CO-10000971;1500;5;0;450;Anna Andreadi 
CA-2018-140417;25/09/2018;29/09/2018;Standard Class;KE-16420;Katrina Edelman    ;Corporate  ;US;Tigard;Oregon;97224;West;OFF-PA-10000380;60;9;0,2;22,5;Anna Andreadi 
CA-2018-140417;25/09/2018;29/09/2018;Standard Class;KE-16420;Katrina Edelman    ;Corporate  ;US;Tigard;Oregon;97224;West;OFF-BI-10004828;5;1;0,7;-3,5;Anna Andreadi 
CA-2018-140613;22/07/2018;29/07/2018;Standard Class;KN-16705;Kristina Nunn      ;Home Office;US;Sparks;Nevada;89431;West;OFF-SU-10004261;86,2;5;0;25;Anna Andreadi 
CA-2018-142902;12/09/2018;14/09/2018;Second Class  ;BP-11185;Ben Peterman       ;Corporate  ;US;Arvada;Colorado;80004;West;FUR-FU-10001918;15,1;4;0,2;3,6;Anna Andreadi 
CA-2018-142902;12/09/2018;14/09/2018;Second Class  ;BP-11185;Ben Peterman       ;Corporate  ;US;Arvada;Colorado;80004;West;FUR-CH-10004086;466,8;2;0,2;52,5;Anna Andreadi 
CA-2018-142902;12/09/2018;14/09/2018;Second Class  ;BP-11185;Ben Peterman       ;Corporate  ;US;Arvada;Colorado;80004;West;FUR-FU-10001756;15,2;1;0,2;1,7;Anna Andreadi 
CA-2018-142902;12/09/2018;14/09/2018;Second Class  ;BP-11185;Ben Peterman       ;Corporate  ;US;Arvada;Colorado;80004;West;OFF-LA-10000634;6,3;3;0,2;2;Anna Andreadi 
CA-2018-143154;02/12/2018;08/12/2018;Standard Class;AS-10225;Alan Schoenberger  ;Corporate  ;US;Longmont;Colorado;80501;West;TEC-AC-10002942;165,6;3;0,2;-6,2;Anna Andreadi 
CA-2018-143609;11/12/2018;13/12/2018;First Class   ;DB-13270;Deborah Brumfield  ;Home Office;US;Portland;Oregon;97206;West;FUR-CH-10004218;403,9;5;0,2;25,2;Anna Andreadi 
CA-2018-145261;18/12/2018;21/12/2018;First Class   ;AH-10120;Adrian Hane        ;Home Office;US;Salem;Oregon;97301;West;OFF-BI-10001670;45,2;4;0,7;-30,2;Anna Andreadi 
CA-2018-145261;18/12/2018;21/12/2018;First Class   ;AH-10120;Adrian Hane        ;Home Office;US;Salem;Oregon;97301;West;OFF-AR-10004078;18,7;4;0,2;2,3;Anna Andreadi 
CA-2018-145261;18/12/2018;21/12/2018;First Class   ;AH-10120;Adrian Hane        ;Home Office;US;Salem;Oregon;97301;West;OFF-PA-10003036;11,6;2;0,2;3,8;Anna Andreadi 
CA-2018-145261;18/12/2018;21/12/2018;First Class   ;AH-10120;Adrian Hane        ;Home Office;US;Salem;Oregon;97301;West;TEC-AC-10000991;112,8;3;0,2;-8,5;Anna Andreadi 
CA-2018-145261;18/12/2018;21/12/2018;First Class   ;AH-10120;Adrian Hane        ;Home Office;US;Salem;Oregon;97301;West;FUR-TA-10002530;377,4;5;0,5;-264,2;Anna Andreadi 
CA-2018-145261;18/12/2018;21/12/2018;First Class   ;AH-10120;Adrian Hane        ;Home Office;US;Salem;Oregon;97301;West;OFF-LA-10000407;15,9;4;0,2;5,2;Anna Andreadi 
CA-2018-145261;18/12/2018;21/12/2018;First Class   ;AH-10120;Adrian Hane        ;Home Office;US;Salem;Oregon;97301;West;TEC-PH-10004833;28,7;3;0,2;-7,2;Anna Andreadi 
CA-2018-146010;20/05/2018;23/05/2018;First Class   ;EH-14125;Eugene Hildebrand  ;Home Office;US;~colorado Spri;Colorado;80906;West;OFF-BI-10003638;40,6;7;0,7;-32,5;Anna Andreadi 
CA-2018-149279;24/04/2018;28/04/2018;Standard Class;CL-12700;Craig Leslie       ;Home Office;US;~colorado Spri;Colorado;80906;West;OFF-PA-10003441;15,6;3;0,2;5,4;Anna Andreadi 
CA-2018-149279;24/04/2018;28/04/2018;Standard Class;CL-12700;Craig Leslie       ;Home Office;US;~colorado Spri;Colorado;80906;West;FUR-CH-10004287;1325,8;6;0,2;149,1;Anna Andreadi 
CA-2018-149279;24/04/2018;28/04/2018;Standard Class;CL-12700;Craig Leslie       ;Home Office;US;~colorado Spri;Colorado;80906;West;OFF-BI-10004040;3,1;2;0,7;-2,2;Anna Andreadi 
CA-2018-150658;17/11/2018;22/11/2018;Standard Class;MS-17365;Maribeth Schnelling;Consumer   ;US;~carlsbad;New Mexico;88220;West;OFF-BI-10004140;10,8;3;0,2;3,4;Anna Andreadi 
CA-2018-151148;12/09/2018;13/09/2018;Same Day      ;PO-19180;Philisse Overcash  ;Home Office;US;Louisville;Colorado;80027;West;TEC-PH-10001870;147;3;0,2;9,2;Anna Andreadi 
CA-2018-151148;12/09/2018;13/09/2018;Same Day      ;PO-19180;Philisse Overcash  ;Home Office;US;Louisville;Colorado;80027;West;FUR-CH-10002304;83,1;4;0,2;5,2;Anna Andreadi 
CA-2018-151512;26/12/2018;02/01/2019;Standard Class;SH-19975;Sally Hughsby      ;Corporate  ;US;Denver;Colorado;80219;West;OFF-AP-10000252;18,7;2;0,2;3,5;Anna Andreadi 
CA-2018-152247;07/11/2018;12/11/2018;Standard Class;MA-17995;Michelle Arnett    ;Home Office;US;~cheyenne;Wyoming;82001;West;FUR-CH-10001215;1603,1;4;0,2;100,2;Anna Andreadi 
CA-2018-152814;28/04/2018;02/05/2018;Standard Class;EH-14005;Erica Hernandez    ;Home Office;US;Denver;Colorado;80219;West;OFF-PA-10001970;29,5;3;0,2;9,9;Anna Andreadi 
CA-2018-154508;16/11/2018;20/11/2018;Standard Class;RD-19900;Ruben Dartt        ;Consumer   ;US;~carlsbad;New Mexico;88220;West;OFF-EN-10001990;28,4;5;0;13,3;Anna Andreadi 
CA-2018-157707;10/10/2018;12/10/2018;First Class   ;CC-12610;Corey Catlett      ;Corporate  ;US;Denver;Colorado;80219;West;FUR-BO-10001567;90,9;3;0,7;-190,9;Anna Andreadi 
CA-2018-157707;10/10/2018;12/10/2018;First Class   ;CC-12610;Corey Catlett      ;Corporate  ;US;Denver;Colorado;80219;West;TEC-PH-10002583;16;1;0,2;-3;Anna Andreadi 
CA-2018-157707;10/10/2018;12/10/2018;First Class   ;CC-12610;Corey Catlett      ;Corporate  ;US;Denver;Colorado;80219;West;FUR-CH-10004853;120,8;1;0,2;13,6;Anna Andreadi 
CA-2018-157742;29/12/2018;31/12/2018;Second Class  ;KL-16645;Ken Lonsdale       ;Consumer   ;US;Springfield;Oregon;97477;West;OFF-EN-10002592;27,8;3;0,2;10,4;Anna Andreadi 
CA-2018-159023;03/11/2018;05/11/2018;First Class   ;NW-18400;Natalie Webber     ;Consumer   ;US;Portland;Oregon;97206;West;OFF-BI-10002813;4,2;7;0,7;-3,5;Anna Andreadi 
CA-2018-159023;03/11/2018;05/11/2018;First Class   ;NW-18400;Natalie Webber     ;Consumer   ;US;Portland;Oregon;97206;West;TEC-MA-10003337;180;3;0,7;-252;Anna Andreadi 
CA-2018-160395;31/12/2018;06/01/2019;Standard Class;KL-16555;Kelly Lampkin      ;Corporate  ;US;Reno;Nevada;89502;West;OFF-AR-10003759;3,6;2;0;1,6;Anna Andreadi 
CA-2018-160395;31/12/2018;06/01/2019;Standard Class;KL-16555;Kelly Lampkin      ;Corporate  ;US;Reno;Nevada;89502;West;OFF-BI-10003984;159,8;7;0,2;53,9;Anna Andreadi 
CA-2018-161361;26/03/2018;28/03/2018;Second Class  ;MV-17485;Mark Van Huff      ;Consumer   ;US;Po~catello;Idaho;83201;West;OFF-PA-10001838;17,6;3;0;8,6;Anna Andreadi 
CA-2018-161361;26/03/2018;28/03/2018;Second Class  ;MV-17485;Mark Van Huff      ;Consumer   ;US;Po~catello;Idaho;83201;West;OFF-BI-10002215;17;3;0,2;5,5;Anna Andreadi 
CA-2018-163328;04/11/2018;06/11/2018;Second Class  ;TP-21565;Tracy Poddar       ;Corporate  ;US;Eugene;Oregon;97405;West;OFF-SU-10002301;17,6;7;0,2;-4,2;Anna Andreadi 
CA-2018-163328;04/11/2018;06/11/2018;Second Class  ;TP-21565;Tracy Poddar       ;Corporate  ;US;Eugene;Oregon;97405;West;FUR-CH-10003298;104,8;1;0,2;-14,4;Anna Andreadi 
CA-2018-163328;04/11/2018;06/11/2018;Second Class  ;TP-21565;Tracy Poddar       ;Corporate  ;US;Eugene;Oregon;97405;West;OFF-PA-10004353;48;3;0,2;16,8;Anna Andreadi 
CA-2018-163328;04/11/2018;06/11/2018;Second Class  ;TP-21565;Tracy Poddar       ;Corporate  ;US;Eugene;Oregon;97405;West;FUR-CH-10000229;650,4;3;0,2;-97,6;Anna Andreadi 
CA-2018-163328;04/11/2018;06/11/2018;Second Class  ;TP-21565;Tracy Poddar       ;Corporate  ;US;Eugene;Oregon;97405;West;OFF-LA-10003930;629,2;8;0,2;228,1;Anna Andreadi 
CA-2018-163328;04/11/2018;06/11/2018;Second Class  ;TP-21565;Tracy Poddar       ;Corporate  ;US;Eugene;Oregon;97405;West;OFF-PA-10000176;15,2;1;0,2;5,3;Anna Andreadi 
CA-2018-167507;22/12/2018;28/12/2018;Standard Class;SA-20830;Sue Ann Reed       ;Consumer   ;US;Redmond;Oregon;97756;West;OFF-BI-10003694;31,3;10;0,7;-25,1;Anna Andreadi 
CA-2018-167507;22/12/2018;28/12/2018;Standard Class;SA-20830;Sue Ann Reed       ;Consumer   ;US;Redmond;Oregon;97756;West;FUR-FU-10001935;11,8;4;0,2;3,1;Anna Andreadi 
CA-2018-167507;22/12/2018;28/12/2018;Standard Class;SA-20830;Sue Ann Reed       ;Consumer   ;US;Redmond;Oregon;97756;West;FUR-FU-10002878;22,8;1;0,2;4,8;Anna Andreadi 
CA-2019-100237;15/10/2019;19/10/2019;Standard Class;SV-20815;Stuart Van         ;Corporate  ;US;Orem;Utah;84057;West;OFF-AR-10001761;11,7;2;0;4,2;Anna Andreadi 
CA-2019-101581;22/10/2019;27/10/2019;Standard Class;DW-13195;David Wiener       ;Corporate  ;US;Redmond;Oregon;97756;West;FUR-TA-10002607;177,2;5;0,5;-120,5;Anna Andreadi 
CA-2019-101700;23/04/2019;26/04/2019;First Class   ;SO-20335;Sean O'Donnell     ;Consumer   ;US;Greeley;Colorado;80634;West;OFF-EN-10003134;18,7;2;0,2;7;Anna Andreadi 
CA-2019-101700;23/04/2019;26/04/2019;First Class   ;SO-20335;Sean O'Donnell     ;Consumer   ;US;Greeley;Colorado;80634;West;FUR-FU-10001025;11,7;3;0,2;3,4;Anna Andreadi 
CA-2019-102218;02/09/2019;04/09/2019;Second Class  ;LW-17215;Luke Weiss         ;Consumer   ;US;Fort ~collins;Colorado;80525;West;OFF-LA-10002475;11,7;2;0,2;3,9;Anna Andreadi 
CA-2019-102946;30/06/2019;05/07/2019;Standard Class;VP-21730;Victor Preis       ;Home Office;US;Las Vegas;Nevada;89115;West;OFF-BI-10004492;75,8;3;0,2;25,6;Anna Andreadi 
CA-2019-105445;20/02/2019;25/02/2019;Second Class  ;BP-11095;Bart Pistole       ;Corporate  ;US;Louisville;Colorado;80027;West;OFF-FA-10001229;9,4;3;0,2;3,1;Anna Andreadi 
CA-2019-105851;13/03/2019;20/03/2019;Standard Class;SE-20110;Sanjit Engle       ;Consumer   ;US;Denver;Colorado;80219;West;OFF-SU-10002881;1332,5;2;0,2;-299,8;Anna Andreadi 
CA-2019-105991;05/05/2019;06/05/2019;First Class   ;LH-17020;Lisa Hazard        ;Consumer   ;US;Louisville;Colorado;80027;West;OFF-EN-10002600;21,2;9;0,2;7,4;Anna Andreadi 
CA-2019-105991;05/05/2019;06/05/2019;First Class   ;LH-17020;Lisa Hazard        ;Consumer   ;US;Louisville;Colorado;80027;West;OFF-BI-10003274;9,6;8;0,7;-7,3;Anna Andreadi 
CA-2019-105991;05/05/2019;06/05/2019;First Class   ;LH-17020;Lisa Hazard        ;Consumer   ;US;Louisville;Colorado;80027;West;FUR-BO-10004467;90;3;0,7;-153;Anna Andreadi 
CA-2019-106859;13/03/2019;18/03/2019;Second Class  ;BF-11215;Benjamin Farhat    ;Home Office;US;Albuquerque;New Mexico;87105;West;OFF-ST-10000615;90,8;8;0;25,4;Anna Andreadi 
CA-2019-106859;13/03/2019;18/03/2019;Second Class  ;BF-11215;Benjamin Farhat    ;Home Office;US;Albuquerque;New Mexico;87105;West;TEC-PH-10004531;140,7;8;0,2;49,3;Anna Andreadi 
CA-2019-106859;13/03/2019;18/03/2019;Second Class  ;BF-11215;Benjamin Farhat    ;Home Office;US;Albuquerque;New Mexico;87105;West;TEC-AC-10004001;214,9;5;0;88,1;Anna Andreadi 
CA-2019-106859;13/03/2019;18/03/2019;Second Class  ;BF-11215;Benjamin Farhat    ;Home Office;US;Albuquerque;New Mexico;87105;West;OFF-PA-10001534;45,4;7;0;21,8;Anna Andreadi 
CA-2019-106859;13/03/2019;18/03/2019;Second Class  ;BF-11215;Benjamin Farhat    ;Home Office;US;Albuquerque;New Mexico;87105;West;OFF-PA-10001815;288,2;6;0;138,4;Anna Andreadi 
CA-2019-112515;17/09/2019;21/09/2019;Second Class  ;AS-10225;Alan Schoenberger  ;Corporate  ;US;Provo;Utah;84604;West;OFF-BI-10000829;10,8;3;0,2;3,5;Anna Andreadi 
CA-2019-112515;17/09/2019;21/09/2019;Second Class  ;AS-10225;Alan Schoenberger  ;Corporate  ;US;Provo;Utah;84604;West;OFF-BI-10003712;11,8;3;0,2;4,3;Anna Andreadi 
CA-2019-112515;17/09/2019;21/09/2019;Second Class  ;AS-10225;Alan Schoenberger  ;Corporate  ;US;Provo;Utah;84604;West;OFF-PA-10000062;164,9;3;0;80,8;Anna Andreadi 
CA-2019-112515;17/09/2019;21/09/2019;Second Class  ;AS-10225;Alan Schoenberger  ;Corporate  ;US;Provo;Utah;84604;West;FUR-BO-10003404;1292,9;3;0;77,6;Anna Andreadi 
CA-2019-112515;17/09/2019;21/09/2019;Second Class  ;AS-10225;Alan Schoenberger  ;Corporate  ;US;Provo;Utah;84604;West;OFF-BI-10004233;25,6;2;0,2;9;Anna Andreadi 
CA-2019-112515;17/09/2019;21/09/2019;Second Class  ;AS-10225;Alan Schoenberger  ;Corporate  ;US;Provo;Utah;84604;West;OFF-ST-10001272;261,7;2;0;65,4;Anna Andreadi 
CA-2019-112515;17/09/2019;21/09/2019;Second Class  ;AS-10225;Alan Schoenberger  ;Corporate  ;US;Provo;Utah;84604;West;OFF-LA-10001175;14,4;5;0;7,1;Anna Andreadi 
CA-2019-115931;22/12/2019;26/12/2019;Standard Class;JM-15655;Jim Mitchum        ;Corporate  ;US;~carlsbad;New Mexico;88220;West;OFF-AR-10000369;4,2;3;0;1,1;Anna Andreadi 
CA-2019-115931;22/12/2019;26/12/2019;Standard Class;JM-15655;Jim Mitchum        ;Corporate  ;US;~carlsbad;New Mexico;88220;West;TEC-PH-10001300;67;4;0,2;6,7;Anna Andreadi 
CA-2019-115931;22/12/2019;26/12/2019;Standard Class;JM-15655;Jim Mitchum        ;Corporate  ;US;~carlsbad;New Mexico;88220;West;OFF-ST-10000876;37,3;3;0;10,4;Anna Andreadi 
CA-2019-115931;22/12/2019;26/12/2019;Standard Class;JM-15655;Jim Mitchum        ;Corporate  ;US;~carlsbad;New Mexico;88220;West;OFF-LA-10001404;18,4;5;0;8,7;Anna Andreadi 
CA-2019-116946;19/12/2019;23/12/2019;Standard Class;TS-21505;Tony Sayre         ;Consumer   ;US;Parker;Colorado;80134;West;FUR-FU-10000320;13,4;5;0,2;4;Anna Andreadi 
CA-2019-116946;19/12/2019;23/12/2019;Standard Class;TS-21505;Tony Sayre         ;Consumer   ;US;Parker;Colorado;80134;West;OFF-ST-10002554;78,3;2;0,2;-17,6;Anna Andreadi 
CA-2019-116946;19/12/2019;23/12/2019;Standard Class;TS-21505;Tony Sayre         ;Consumer   ;US;Parker;Colorado;80134;West;FUR-BO-10000468;102;7;0,7;-183,6;Anna Andreadi 
CA-2019-117646;21/08/2019;25/08/2019;Standard Class;SC-20845;Sung Chung         ;Consumer   ;US;Louisville;Colorado;80027;West;OFF-ST-10000036;237,1;3;0,2;20,7;Anna Andreadi 
CA-2019-117646;21/08/2019;25/08/2019;Standard Class;SC-20845;Sung Chung         ;Consumer   ;US;Louisville;Colorado;80027;West;FUR-FU-10001037;22,8;3;0,2;7,1;Anna Andreadi 
CA-2019-117646;21/08/2019;25/08/2019;Standard Class;SC-20845;Sung Chung         ;Consumer   ;US;Louisville;Colorado;80027;West;OFF-PA-10001950;6,7;1;0,2;2,1;Anna Andreadi 
CA-2019-118017;03/12/2019;06/12/2019;Second Class  ;LC-16870;Lena Cacioppo      ;Consumer   ;US;Thornton;Colorado;80229;West;OFF-AR-10003856;13,3;6;0,2;1;Anna Andreadi 
CA-2019-118017;03/12/2019;06/12/2019;Second Class  ;LC-16870;Lena Cacioppo      ;Consumer   ;US;Thornton;Colorado;80229;West;TEC-AC-10002006;76,8;6;0,2;10,6;Anna Andreadi 
CA-2019-118017;03/12/2019;06/12/2019;Second Class  ;LC-16870;Lena Cacioppo      ;Consumer   ;US;Thornton;Colorado;80229;West;TEC-AC-10002006;102,3;8;0,2;14,1;Anna Andreadi 
CA-2019-118017;03/12/2019;06/12/2019;Second Class  ;LC-16870;Lena Cacioppo      ;Consumer   ;US;Thornton;Colorado;80229;West;OFF-PA-10002246;10,3;2;0,2;3,7;Anna Andreadi 
CA-2019-118017;03/12/2019;06/12/2019;Second Class  ;LC-16870;Lena Cacioppo      ;Consumer   ;US;Thornton;Colorado;80229;West;OFF-SU-10004782;47,3;7;0,2;5,9;Anna Andreadi 
CA-2019-118017;03/12/2019;06/12/2019;Second Class  ;LC-16870;Lena Cacioppo      ;Consumer   ;US;Thornton;Colorado;80229;West;FUR-FU-10004351;23,4;3;0,2;7;Anna Andreadi 
CA-2019-118017;03/12/2019;06/12/2019;Second Class  ;LC-16870;Lena Cacioppo      ;Consumer   ;US;Thornton;Colorado;80229;West;FUR-FU-10004270;16,7;5;0,2;3,3;Anna Andreadi 
CA-2019-118017;03/12/2019;06/12/2019;Second Class  ;LC-16870;Lena Cacioppo      ;Consumer   ;US;Thornton;Colorado;80229;West;FUR-FU-10004053;16,2;1;0,2;4,7;Anna Andreadi 
CA-2019-118857;15/04/2019;18/04/2019;First Class   ;AH-10075;Adam Hart          ;Corporate  ;US;Henderson;Nevada;89015;West;FUR-FU-10004460;196,4;5;0;70,7;Anna Andreadi 
CA-2019-121125;30/05/2019;03/06/2019;Standard Class;MG-17890;Michael Granlund   ;Home Office;US;Tigard;Oregon;97224;West;TEC-PH-10001619;156,8;1;0,2;17,6;Anna Andreadi 
CA-2019-121125;30/05/2019;03/06/2019;Standard Class;MG-17890;Michael Granlund   ;Home Office;US;Tigard;Oregon;97224;West;TEC-AC-10002323;35,4;2;0,2;-3,1;Anna Andreadi 
CA-2019-121125;30/05/2019;03/06/2019;Standard Class;MG-17890;Michael Granlund   ;Home Office;US;Tigard;Oregon;97224;West;FUR-FU-10000820;13,6;1;0,2;-0,3;Anna Andreadi 
CA-2019-121412;23/09/2019;27/09/2019;Standard Class;BG-11695;Brooke Gillingham  ;Corporate  ;US;Louisville;Colorado;80027;West;FUR-FU-10000246;29,3;3;0,2;3,7;Anna Andreadi 
CA-2019-121538;28/11/2019;01/12/2019;First Class   ;RH-19495;Rick Hansen        ;Consumer   ;US;Denver;Colorado;80219;West;OFF-PA-10004071;88,8;2;0,2;31,1;Anna Andreadi 
CA-2019-121643;18/05/2019;20/05/2019;First Class   ;AB-10105;Adrian Barton      ;Consumer   ;US;Portland;Oregon;97206;West;TEC-PH-10002200;344,7;2;0,2;38,8;Anna Andreadi 
CA-2019-122798;28/12/2019;01/01/2020;Standard Class;SV-20935;Susan Vittorini    ;Consumer   ;US;Albuquerque;New Mexico;87105;West;OFF-ST-10003058;118,2;5;0;34,3;Anna Andreadi 
CA-2019-122798;28/12/2019;01/01/2020;Standard Class;SV-20935;Susan Vittorini    ;Consumer   ;US;Albuquerque;New Mexico;87105;West;OFF-PA-10004239;4,3;1;0;1,9;Anna Andreadi 
CA-2019-124401;07/09/2019;12/09/2019;Standard Class;RD-19900;Ruben Dartt        ;Consumer   ;US;Portland;Oregon;97206;West;OFF-ST-10000649;37,7;3;0,2;2,4;Anna Andreadi 
CA-2019-124401;07/09/2019;12/09/2019;Standard Class;RD-19900;Ruben Dartt        ;Consumer   ;US;Portland;Oregon;97206;West;TEC-AC-10002926;279,9;7;0,2;80,5;Anna Andreadi 
CA-2019-127432;22/01/2019;27/01/2019;Standard Class;AD-10180;Alan Dominguez     ;Home Office;US;Great Falls;Montana;59405;West;TEC-CO-10003236;2999,9;5;0;1380;Anna Andreadi 
CA-2019-127432;22/01/2019;27/01/2019;Standard Class;AD-10180;Alan Dominguez     ;Home Office;US;Great Falls;Montana;59405;West;OFF-ST-10004507;51,5;3;0;13,9;Anna Andreadi 
CA-2019-127432;22/01/2019;27/01/2019;Standard Class;AD-10180;Alan Dominguez     ;Home Office;US;Great Falls;Montana;59405;West;OFF-PA-10001667;12;2;0;5,4;Anna Andreadi 
CA-2019-127432;22/01/2019;27/01/2019;Standard Class;AD-10180;Alan Dominguez     ;Home Office;US;Great Falls;Montana;59405;West;OFF-ST-10004459;1126;3;0;56,3;Anna Andreadi 
CA-2019-127712;31/08/2019;05/09/2019;Standard Class;MG-17890;Michael Granlund   ;Home Office;US;Salem;Oregon;97301;West;OFF-SU-10002522;6,2;2;0,2;0,7;Anna Andreadi 
CA-2019-130141;22/10/2019;24/10/2019;Second Class  ;HA-14905;Helen Abelman      ;Consumer   ;US;Fort ~collins;Colorado;80525;West;OFF-BI-10000831;3,2;4;0,7;-2,5;Anna Andreadi 
CA-2019-130141;22/10/2019;24/10/2019;Second Class  ;HA-14905;Helen Abelman      ;Consumer   ;US;Fort ~collins;Colorado;80525;West;FUR-CH-10000749;579,1;4;0,2;-29;Anna Andreadi 
CA-2019-132738;04/08/2019;07/08/2019;First Class   ;HM-14860;Harry Marie        ;Corporate  ;US;Loveland;Colorado;80538;West;OFF-PA-10001752;8;2;0,2;2,9;Anna Andreadi 
CA-2019-132738;04/08/2019;07/08/2019;First Class   ;HM-14860;Harry Marie        ;Corporate  ;US;Loveland;Colorado;80538;West;OFF-EN-10001141;8,8;1;0,2;3,2;Anna Andreadi 
CA-2019-133648;25/06/2019;02/07/2019;Standard Class;ML-17755;Max Ludwig         ;Home Office;US;Springfield;Oregon;97477;West;OFF-LA-10003923;71;6;0,2;26,6;Anna Andreadi 
CA-2019-133648;25/06/2019;02/07/2019;Standard Class;ML-17755;Max Ludwig         ;Home Office;US;Springfield;Oregon;97477;West;OFF-AR-10002257;5,3;2;0,2;0,7;Anna Andreadi 
CA-2019-133648;25/06/2019;02/07/2019;Standard Class;ML-17755;Max Ludwig         ;Home Office;US;Springfield;Oregon;97477;West;OFF-FA-10004395;11,3;3;0,2;-2,1;Anna Andreadi 
CA-2019-134845;17/04/2019;23/04/2019;Standard Class;SR-20425;Sharelle Roach     ;Home Office;US;Louisville;Colorado;80027;West;OFF-BI-10000773;12;5;0,7;-9,2;Anna Andreadi 
CA-2019-134845;17/04/2019;23/04/2019;Standard Class;SR-20425;Sharelle Roach     ;Home Office;US;Louisville;Colorado;80027;West;TEC-MA-10000822;2550;5;0,7;-3400;Anna Andreadi 
CA-2019-134845;17/04/2019;23/04/2019;Standard Class;SR-20425;Sharelle Roach     ;Home Office;US;Louisville;Colorado;80027;West;OFF-BI-10001543;21,6;2;0,7;-15,8;Anna Andreadi 
CA-2019-134845;17/04/2019;23/04/2019;Standard Class;SR-20425;Sharelle Roach     ;Home Office;US;Louisville;Colorado;80027;West;OFF-BI-10003355;9;6;0,7;-6,6;Anna Andreadi 
CA-2019-134845;17/04/2019;23/04/2019;Standard Class;SR-20425;Sharelle Roach     ;Home Office;US;Louisville;Colorado;80027;West;OFF-PA-10002005;20,7;4;0,2;7,3;Anna Andreadi 
CA-2019-138310;26/06/2019;30/06/2019;Standard Class;NP-18700;Nora Preis         ;Consumer   ;US;Denver;Colorado;80219;West;TEC-AC-10001990;431,9;9;0,2;64,8;Anna Andreadi 
CA-2019-138422;23/09/2019;26/09/2019;First Class   ;KN-16705;Kristina Nunn      ;Home Office;US;Fort ~collins;Colorado;80525;West;OFF-EN-10004147;14,4;3;0,2;5,2;Anna Andreadi 
CA-2019-140053;03/07/2019;10/07/2019;Standard Class;CA-12265;Christina Anderson ;Consumer   ;US;Farmington;New Mexico;87401;West;FUR-FU-10003708;545,9;9;0;114,6;Anna Andreadi 
CA-2019-141117;02/10/2019;08/10/2019;Standard Class;JK-16090;Juliana Krohn      ;Consumer   ;US;Springfield;Oregon;97477;West;FUR-BO-10001972;217,8;6;0,7;-384,7;Anna Andreadi 
CA-2019-141117;02/10/2019;08/10/2019;Standard Class;JK-16090;Juliana Krohn      ;Consumer   ;US;Springfield;Oregon;97477;West;OFF-SU-10004664;39,1;6;0,2;4,4;Anna Andreadi 
CA-2019-141117;02/10/2019;08/10/2019;Standard Class;JK-16090;Juliana Krohn      ;Consumer   ;US;Springfield;Oregon;97477;West;OFF-BI-10003676;22,6;7;0,7;-16,6;Anna Andreadi 
CA-2019-141117;02/10/2019;08/10/2019;Standard Class;JK-16090;Juliana Krohn      ;Consumer   ;US;Springfield;Oregon;97477;West;OFF-AR-10003727;95,1;7;0,2;10,7;Anna Andreadi 
CA-2019-142293;17/09/2019;20/09/2019;First Class   ;SC-20380;Shahid Collister   ;Consumer   ;US;Boise;Idaho;83704;West;TEC-AC-10001109;90;3;0;37,8;Anna Andreadi 
CA-2019-143329;03/11/2019;08/11/2019;Standard Class;DL-13330;Denise Leinenbach  ;Consumer   ;US;Las ~cru~ces;New Mexico;88001;West;FUR-FU-10000629;41,4;3;0;17,4;Anna Andreadi 
CA-2019-143378;19/09/2019;25/09/2019;Standard Class;JR-16210;Justin Ritter      ;Corporate  ;US;Springfield;Oregon;97477;West;TEC-PH-10001425;192;3;0,2;19,2;Anna Andreadi 
CA-2019-143378;19/09/2019;25/09/2019;Standard Class;JR-16210;Justin Ritter      ;Corporate  ;US;Springfield;Oregon;97477;West;OFF-AR-10001915;23,8;3;0,2;6,6;Anna Andreadi 
CA-2019-143378;19/09/2019;25/09/2019;Standard Class;JR-16210;Justin Ritter      ;Corporate  ;US;Springfield;Oregon;97477;West;FUR-FU-10004864;409,2;8;0,2;61,4;Anna Andreadi 
CA-2019-143378;19/09/2019;25/09/2019;Standard Class;JR-16210;Justin Ritter      ;Corporate  ;US;Springfield;Oregon;97477;West;FUR-BO-10001972;72,6;2;0,7;-128,2;Anna Andreadi 
CA-2019-145233;01/12/2019;05/12/2019;Standard Class;DV-13465;Dianna Vittorini   ;Consumer   ;US;Denver;Colorado;80219;West;TEC-PH-10004977;470,4;3;0,2;52,9;Anna Andreadi 
CA-2019-145233;01/12/2019;05/12/2019;Standard Class;DV-13465;Dianna Vittorini   ;Consumer   ;US;Denver;Colorado;80219;West;TEC-PH-10000586;105,6;2;0,2;9,2;Anna Andreadi 
CA-2019-145233;01/12/2019;05/12/2019;Standard Class;DV-13465;Dianna Vittorini   ;Consumer   ;US;Denver;Colorado;80219;West;OFF-AP-10000358;31,2;3;0,2;3,5;Anna Andreadi 
CA-2019-145233;01/12/2019;05/12/2019;Standard Class;DV-13465;Dianna Vittorini   ;Consumer   ;US;Denver;Colorado;80219;West;OFF-BI-10002764;6,8;7;0,7;-4,7;Anna Andreadi 
CA-2019-145233;01/12/2019;05/12/2019;Standard Class;DV-13465;Dianna Vittorini   ;Consumer   ;US;Denver;Colorado;80219;West;TEC-PH-10001254;406,4;4;0,2;30,5;Anna Andreadi 
CA-2019-146346;17/06/2019;20/06/2019;First Class   ;RA-19945;Ryan Akin          ;Consumer   ;US;~commer~ce ~city;Colorado;80022;West;OFF-ST-10001418;146,4;3;0,2;-32,9;Anna Andreadi 
CA-2019-148446;10/12/2019;14/12/2019;Second Class  ;MC-17845;Michael Chen       ;Consumer   ;US;North Las Veg;Nevada;89031;West;FUR-TA-10004256;1669,6;4;0;116,9;Anna Andreadi 
CA-2019-151008;07/09/2019;08/09/2019;First Class   ;JM-16195;Justin MacKendrick ;Consumer   ;US;Draper;Utah;84020;West;FUR-FU-10002396;25,2;2;0;10,6;Anna Andreadi 
CA-2019-151008;07/09/2019;08/09/2019;First Class   ;JM-16195;Justin MacKendrick ;Consumer   ;US;Draper;Utah;84020;West;TEC-PH-10002807;126,6;4;0,2;47,5;Anna Andreadi 
CA-2019-155873;16/06/2019;21/06/2019;Standard Class;AB-10255;Alejandro Ballentin;Home Office;US;~carlsbad;New Mexico;88220;West;OFF-SU-10001165;16,7;2;0;4,3;Anna Andreadi 
CA-2019-155873;16/06/2019;21/06/2019;Standard Class;AB-10255;Alejandro Ballentin;Home Office;US;~carlsbad;New Mexico;88220;West;OFF-PA-10001246;19,4;3;0;9,3;Anna Andreadi 
CA-2019-155873;16/06/2019;21/06/2019;Standard Class;AB-10255;Alejandro Ballentin;Home Office;US;~carlsbad;New Mexico;88220;West;OFF-PA-10001815;192,2;4;0;92,2;Anna Andreadi 
CA-2019-156391;26/09/2019;28/09/2019;First Class   ;SL-20155;Sara Luxemburg     ;Home Office;US;Salem;Oregon;97301;West;OFF-AR-10003251;2,2;1;0,2;0,6;Anna Andreadi 
CA-2019-156720;30/12/2019;03/01/2020;Standard Class;JM-15580;Jill Matthias      ;Consumer   ;US;Loveland;Colorado;80538;West;OFF-FA-10003472;3;3;0,2;-0,6;Anna Andreadi 
CA-2019-157672;05/10/2019;07/10/2019;First Class   ;RB-19795;Ross Baird         ;Home Office;US;Denver;Colorado;80219;West;TEC-AC-10001714;63,8;2;0,2;13,6;Anna Andreadi 
CA-2019-158120;17/11/2019;21/11/2019;Standard Class;KH-16330;Katharine Harms    ;Corporate  ;US;Hillsboro;Oregon;97123;West;OFF-PA-10003205;19,6;3;0,2;6,6;Anna Andreadi 
CA-2019-158120;17/11/2019;21/11/2019;Standard Class;KH-16330;Katharine Harms    ;Corporate  ;US;Hillsboro;Oregon;97123;West;OFF-BI-10002813;4,2;7;0,7;-3,5;Anna Andreadi 
CA-2019-163671;24/12/2019;30/12/2019;Standard Class;DP-13105;Dave Poirier       ;Corporate  ;US;Meridian;Idaho;83642;West;OFF-BI-10001679;21,3;3;0,2;8;Anna Andreadi 
CA-2019-165008;15/09/2019;17/09/2019;Second Class  ;DO-13645;Doug O'Connell     ;Consumer   ;US;Salt Lake ~cit;Utah;84106;West;OFF-BI-10002794;295,1;9;0,2;107;Anna Andreadi 
CA-2019-166856;18/09/2019;22/09/2019;Standard Class;TS-21505;Tony Sayre         ;Consumer   ;US;~clovis;New Mexico;88101;West;OFF-BI-10002012;10,1;7;0,2;3,5;Anna Andreadi 
CA-2019-166856;18/09/2019;22/09/2019;Standard Class;TS-21505;Tony Sayre         ;Consumer   ;US;~clovis;New Mexico;88101;West;TEC-AC-10004992;101,3;3;0;8,1;Anna Andreadi 
CA-2019-167094;21/10/2019;22/10/2019;First Class   ;DK-12835;Damala Kotsonis    ;Corporate  ;US;Springfield;Oregon;97477;West;OFF-PA-10003953;5,2;1;0,2;1,8;Anna Andreadi 
CA-2019-167094;21/10/2019;22/10/2019;First Class   ;DK-12835;Damala Kotsonis    ;Corporate  ;US;Springfield;Oregon;97477;West;FUR-CH-10000155;478,5;2;0,2;47,8;Anna Andreadi 
CA-2019-167094;21/10/2019;22/10/2019;First Class   ;DK-12835;Damala Kotsonis    ;Corporate  ;US;Springfield;Oregon;97477;West;TEC-AC-10003116;28,4;2;0,2;6,7;Anna Andreadi 
CA-2019-168179;02/11/2019;07/11/2019;Standard Class;JB-16000;Joy Bell-          ;Consumer   ;US;Salt Lake ~cit;Utah;84106;West;OFF-PA-10001800;19,4;3;0;9,3;Anna Andreadi 
CA-2019-168403;09/09/2019;15/09/2019;Standard Class;DK-12835;Damala Kotsonis    ;Corporate  ;US;Portland;Oregon;97206;West;OFF-PA-10002036;31,1;6;0,2;11,3;Anna Andreadi 
CA-2019-168403;09/09/2019;15/09/2019;Standard Class;DK-12835;Damala Kotsonis    ;Corporate  ;US;Portland;Oregon;97206;West;OFF-AP-10003278;11,2;1;0,2;0,8;Anna Andreadi 
CA-2019-168655;12/10/2019;18/10/2019;Standard Class;ML-18040;Michelle Lonsdale  ;Corporate  ;US;Albuquerque;New Mexico;87105;West;TEC-AC-10002842;595;5;0;95,2;Anna Andreadi 
CA-2019-168655;12/10/2019;18/10/2019;Standard Class;ML-18040;Michelle Lonsdale  ;Corporate  ;US;Albuquerque;New Mexico;87105;West;OFF-BI-10002082;79,9;3;0,2;30;Anna Andreadi 
CA-2019-169929;25/09/2019;28/09/2019;First Class   ;LS-17200;Luke Schmidt       ;Corporate  ;US;Helena;Montana;59601;West;OFF-ST-10002352;39,9;5;0;10,4;Anna Andreadi 
US-2016-107993;25/11/2016;30/11/2016;Standard Class;SE-20110;Sanjit Engle       ;Consumer   ;US;Springfield;Oregon;97477;West;OFF-AR-10003179;51;7;0,2;8,3;Anna Andreadi 
US-2016-112872;06/12/2016;11/12/2016;Second Class  ;RC-19960;Ryan Crowe         ;Consumer   ;US;Springfield;Oregon;97477;West;OFF-ST-10002205;53,4;3;0,2;4,7;Anna Andreadi 
US-2016-112872;06/12/2016;11/12/2016;Second Class  ;RC-19960;Ryan Crowe         ;Consumer   ;US;Springfield;Oregon;97477;West;FUR-TA-10003238;275,5;1;0,5;-170,8;Anna Andreadi 
US-2016-112991;10/12/2016;14/12/2016;Standard Class;SH-19975;Sally Hughsby      ;Corporate  ;US;~caldwell;Idaho;83605;West;FUR-CH-10001708;338,4;3;0,2;4,2;Anna Andreadi 
US-2016-112991;10/12/2016;14/12/2016;Standard Class;SH-19975;Sally Hughsby      ;Corporate  ;US;~caldwell;Idaho;83605;West;OFF-PA-10000019;25,9;4;0;12,4;Anna Andreadi 
US-2016-112991;10/12/2016;14/12/2016;Standard Class;SH-19975;Sally Hughsby      ;Corporate  ;US;~caldwell;Idaho;83605;West;OFF-PA-10002222;91,4;4;0;42;Anna Andreadi 
US-2016-121734;11/04/2016;16/04/2016;Standard Class;SE-20110;Sanjit Engle       ;Consumer   ;US;Lewiston;Idaho;83501;West;OFF-BI-10004817;9,6;1;0,2;3,4;Anna Andreadi 
US-2016-132745;01/10/2016;05/10/2016;Standard Class;NF-18475;Neil Französisch   ;Home Office;US;Reno;Nevada;89502;West;OFF-FA-10000254;4,7;1;0;0;Anna Andreadi 
US-2016-133949;31/12/2016;31/12/2016;Same Day      ;JL-15175;James Lanier       ;Home Office;US;Reno;Nevada;89502;West;TEC-PH-10004908;475,9;7;0,2;59,5;Anna Andreadi 
US-2016-134054;10/10/2016;10/10/2016;Same Day      ;FC-14335;Fred Chung         ;Corporate  ;US;Albuquerque;New Mexico;87105;West;OFF-AR-10000937;255,8;7;0;112,6;Anna Andreadi 
US-2016-137680;24/02/2016;02/03/2016;Standard Class;JH-15430;Jennifer Halladay  ;Consumer   ;US;Medford;Oregon;97504;West;OFF-PA-10000174;32,9;4;0,2;11,1;Anna Andreadi 
US-2016-137680;24/02/2016;02/03/2016;Standard Class;JH-15430;Jennifer Halladay  ;Consumer   ;US;Medford;Oregon;97504;West;OFF-PA-10000069;22,8;3;0,2;7,7;Anna Andreadi 
US-2016-139640;07/11/2016;11/11/2016;Second Class  ;TB-21595;Troy Blackwell     ;Consumer   ;US;Portland;Oregon;97206;West;OFF-PA-10000304;25,9;5;0,2;9,1;Anna Andreadi 
US-2016-139640;07/11/2016;11/11/2016;Second Class  ;TB-21595;Troy Blackwell     ;Consumer   ;US;Portland;Oregon;97206;West;OFF-AR-10002240;120,8;4;0,2;9,1;Anna Andreadi 
US-2016-140116;10/03/2016;17/03/2016;Standard Class;KT-16480;Kean Thornton      ;Consumer   ;US;Denver;Colorado;80219;West;OFF-ST-10000078;636,4;3;0,2;-15,9;Anna Andreadi 
US-2016-140116;10/03/2016;17/03/2016;Standard Class;KT-16480;Kean Thornton      ;Consumer   ;US;Denver;Colorado;80219;West;OFF-AR-10001044;83,2;4;0,2;9,4;Anna Andreadi 
US-2016-160780;21/06/2016;21/06/2016;Same Day      ;SV-20785;Stewart Visinsky   ;Consumer   ;US;Pueblo;Colorado;81001;West;OFF-BI-10001116;11,1;7;0,7;-8,1;Anna Andreadi 
US-2016-160780;21/06/2016;21/06/2016;Same Day      ;SV-20785;Stewart Visinsky   ;Consumer   ;US;Pueblo;Colorado;81001;West;OFF-BI-10002931;25,2;2;0,7;-16,8;Anna Andreadi 
US-2017-103471;24/12/2017;28/12/2017;Standard Class;JR-15670;Jim Radford        ;Consumer   ;US;~colorado Spri;Colorado;80906;West;FUR-BO-10002613;590,1;7;0,7;-786,7;Anna Andreadi 
US-2017-103471;24/12/2017;28/12/2017;Standard Class;JR-15670;Jim Radford        ;Consumer   ;US;~colorado Spri;Colorado;80906;West;OFF-AR-10003405;14;3;0,2;1,6;Anna Andreadi 
US-2017-110163;01/11/2017;04/11/2017;First Class   ;GA-14725;Guy Armstrong      ;Consumer   ;US;Salem;Oregon;97301;West;OFF-AR-10001683;7,9;1;0,2;1,8;Anna Andreadi 
US-2017-114741;06/12/2017;10/12/2017;Standard Class;IL-15100;Ivan Liston        ;Consumer   ;US;North Las Veg;Nevada;89031;West;OFF-PA-10000048;6,5;1;0;3,1;Anna Andreadi 
US-2017-114741;06/12/2017;10/12/2017;Standard Class;IL-15100;Ivan Liston        ;Consumer   ;US;North Las Veg;Nevada;89031;West;OFF-ST-10000078;1325,8;5;0;238,7;Anna Andreadi 
US-2017-114741;06/12/2017;10/12/2017;Standard Class;IL-15100;Ivan Liston        ;Consumer   ;US;North Las Veg;Nevada;89031;West;OFF-LA-10004853;14,9;3;0;6,9;Anna Andreadi 
US-2017-122910;12/05/2017;16/05/2017;Standard Class;LT-16765;Larry Tron         ;Consumer   ;US;Louisville;Colorado;80027;West;TEC-PH-10000441;201,6;2;0,2;20,2;Anna Andreadi 
US-2017-131359;30/10/2017;02/11/2017;Second Class  ;FA-14230;Frank Atkinson     ;Corporate  ;US;Denver;Colorado;80219;West;TEC-MA-10000597;60;2;0,7;-46;Anna Andreadi 
US-2017-131359;30/10/2017;02/11/2017;Second Class  ;FA-14230;Frank Atkinson     ;Corporate  ;US;Denver;Colorado;80219;West;TEC-CO-10001571;440;1;0,2;165;Anna Andreadi 
US-2017-131359;30/10/2017;02/11/2017;Second Class  ;FA-14230;Frank Atkinson     ;Corporate  ;US;Denver;Colorado;80219;West;TEC-PH-10004531;88;5;0,2;30,8;Anna Andreadi 
US-2017-131359;30/10/2017;02/11/2017;Second Class  ;FA-14230;Frank Atkinson     ;Corporate  ;US;Denver;Colorado;80219;West;FUR-FU-10003026;15,5;4;0,2;3,7;Anna Andreadi 
US-2017-136427;20/06/2017;23/06/2017;First Class   ;JM-16195;Justin MacKendrick ;Consumer   ;US;Aurora;Colorado;80013;West;TEC-PH-10002070;125,9;7;0,2;15,7;Anna Andreadi 
US-2017-144771;02/10/2017;04/10/2017;First Class   ;CK-12205;Chloris Kastensmidt;Consumer   ;US;Hillsboro;Oregon;97123;West;FUR-FU-10000629;11;1;0,2;3;Anna Andreadi 
US-2017-144771;02/10/2017;04/10/2017;First Class   ;CK-12205;Chloris Kastensmidt;Consumer   ;US;Hillsboro;Oregon;97123;West;TEC-AC-10002323;53;3;0,2;-4,6;Anna Andreadi 
US-2017-156496;10/08/2017;16/08/2017;Standard Class;WB-21850;William Brown      ;Consumer   ;US;Redmond;Oregon;97756;West;TEC-PH-10000576;438,4;4;0,2;38,4;Anna Andreadi 
US-2017-156496;10/08/2017;16/08/2017;Standard Class;WB-21850;William Brown      ;Consumer   ;US;Redmond;Oregon;97756;West;TEC-PH-10004188;139,9;7;0,2;-31,5;Anna Andreadi 
US-2017-156496;10/08/2017;16/08/2017;Standard Class;WB-21850;William Brown      ;Consumer   ;US;Redmond;Oregon;97756;West;OFF-AP-10001469;133,5;4;0,2;15;Anna Andreadi 
US-2017-156867;13/11/2017;17/11/2017;Standard Class;LC-16870;Lena Cacioppo      ;Consumer   ;US;Aurora;Colorado;80013;West;TEC-AC-10001552;238,9;6;0,2;-26,9;Anna Andreadi 
US-2017-156867;13/11/2017;17/11/2017;Standard Class;LC-16870;Lena Cacioppo      ;Consumer   ;US;Aurora;Colorado;80013;West;FUR-FU-10004006;102,4;3;0,2;-3,8;Anna Andreadi 
US-2017-156867;13/11/2017;17/11/2017;Standard Class;LC-16870;Lena Cacioppo      ;Consumer   ;US;Aurora;Colorado;80013;West;OFF-BI-10002794;36,9;3;0,7;-25,8;Anna Andreadi 
US-2017-165743;20/11/2017;23/11/2017;Second Class  ;MM-18055;Michelle Moray     ;Consumer   ;US;Aurora;Colorado;80013;West;OFF-BI-10001982;4,9;3;0,7;-3,4;Anna Andreadi 
US-2017-165743;20/11/2017;23/11/2017;Second Class  ;MM-18055;Michelle Moray     ;Consumer   ;US;Aurora;Colorado;80013;West;FUR-BO-10002268;145,8;6;0,7;-247,8;Anna Andreadi 
US-2017-165743;20/11/2017;23/11/2017;Second Class  ;MM-18055;Michelle Moray     ;Consumer   ;US;Aurora;Colorado;80013;West;OFF-BI-10001758;9,6;6;0,7;-7,4;Anna Andreadi 
US-2018-100839;13/10/2018;17/10/2018;Standard Class;NC-18625;Noah Childs        ;Corporate  ;US;Aurora;Colorado;80013;West;FUR-TA-10004575;727,5;5;0,5;-465,6;Anna Andreadi 
US-2018-100839;13/10/2018;17/10/2018;Standard Class;NC-18625;Noah Childs        ;Corporate  ;US;Aurora;Colorado;80013;West;FUR-FU-10001617;25;3;0,2;4,4;Anna Andreadi 
US-2018-102239;05/05/2018;06/05/2018;First Class   ;LW-16990;Lindsay Williams   ;Corporate  ;US;Henderson;Nevada;89015;West;FUR-TA-10003392;1685,9;6;0;320,3;Anna Andreadi 
US-2018-102239;05/05/2018;06/05/2018;First Class   ;LW-16990;Lindsay Williams   ;Corporate  ;US;Henderson;Nevada;89015;West;OFF-BI-10001890;5,7;2;0,2;2;Anna Andreadi 
US-2018-105578;30/05/2018;04/06/2018;Standard Class;MY-17380;Maribeth Yedwab    ;Corporate  ;US;Parker;Colorado;80134;West;OFF-BI-10001670;22,6;2;0,7;-15,1;Anna Andreadi 
US-2018-105578;30/05/2018;04/06/2018;Standard Class;MY-17380;Maribeth Yedwab    ;Corporate  ;US;Parker;Colorado;80134;West;OFF-BI-10001658;15;2;0,7;-12;Anna Andreadi 
US-2018-105578;30/05/2018;04/06/2018;Standard Class;MY-17380;Maribeth Yedwab    ;Corporate  ;US;Parker;Colorado;80134;West;FUR-CH-10001215;801,6;2;0,2;50,1;Anna Andreadi 
US-2018-105578;30/05/2018;04/06/2018;Standard Class;MY-17380;Maribeth Yedwab    ;Corporate  ;US;Parker;Colorado;80134;West;OFF-BI-10000831;2,4;3;0,7;-1,9;Anna Andreadi 
US-2018-105578;30/05/2018;04/06/2018;Standard Class;MY-17380;Maribeth Yedwab    ;Corporate  ;US;Parker;Colorado;80134;West;OFF-PA-10000357;32,8;1;0,2;11,9;Anna Andreadi 
US-2018-114293;21/11/2018;26/11/2018;Standard Class;JH-16180;Justin Hirsh       ;Consumer   ;US;Gresham;Oregon;97030;West;FUR-CH-10003833;195,1;4;0,2;-12,2;Anna Andreadi 
US-2018-123470;15/08/2018;21/08/2018;Standard Class;ME-17725;Max Engle          ;Consumer   ;US;Aurora;Colorado;80013;West;OFF-BI-10001989;18,9;3;0,7;-13,8;Anna Andreadi 
US-2018-123470;15/08/2018;21/08/2018;Standard Class;ME-17725;Max Engle          ;Consumer   ;US;Aurora;Colorado;80013;West;OFF-AP-10003287;122,3;3;0,2;12,2;Anna Andreadi 
US-2018-127334;15/12/2018;21/12/2018;Standard Class;MP-18175;Mike Pelletier     ;Home Office;US;Springfield;Oregon;97477;West;FUR-TA-10003473;564,2;3;0,5;-304,7;Anna Andreadi 
US-2018-127334;15/12/2018;21/12/2018;Standard Class;MP-18175;Mike Pelletier     ;Home Office;US;Springfield;Oregon;97477;West;OFF-AP-10001205;87,2;2;0,2;8,7;Anna Andreadi 
US-2018-135720;11/12/2018;13/12/2018;Second Class  ;FM-14380;Fred McMath        ;Consumer   ;US;Aurora;Colorado;80013;West;OFF-ST-10001963;243,4;3;0,2;-51,7;Anna Andreadi 
US-2018-135720;11/12/2018;13/12/2018;Second Class  ;FM-14380;Fred McMath        ;Consumer   ;US;Aurora;Colorado;80013;West;TEC-AC-10001267;119,8;5;0,2;29,9;Anna Andreadi 
US-2018-135720;11/12/2018;13/12/2018;Second Class  ;FM-14380;Fred McMath        ;Consumer   ;US;Aurora;Colorado;80013;West;TEC-PH-10002103;300,8;4;0,2;30,1;Anna Andreadi 
US-2018-141880;22/08/2018;23/08/2018;First Class   ;TC-21475;Tony Chapman       ;Home Office;US;Fort ~collins;Colorado;80525;West;FUR-FU-10001979;98,3;3;0,2;9,8;Anna Andreadi 
US-2018-144211;28/08/2018;02/09/2018;Standard Class;CS-12130;Chad Sievert       ;Consumer   ;US;Englewood;Colorado;80112;West;OFF-PA-10002246;15,5;3;0,2;5,6;Anna Andreadi 
US-2018-144211;28/08/2018;02/09/2018;Standard Class;CS-12130;Chad Sievert       ;Consumer   ;US;Englewood;Colorado;80112;West;TEC-PH-10002890;108,6;3;0,2;8,1;Anna Andreadi 
US-2018-151862;01/03/2018;08/03/2018;Standard Class;ON-18715;Odella Nelson      ;Corporate  ;US;Denver;Colorado;80219;West;TEC-PH-10003535;160;2;0,2;14;Anna Andreadi 
US-2018-156986;20/03/2018;24/03/2018;Standard Class;ZC-21910;Zuschuss Carroll   ;Consumer   ;US;Salem;Oregon;97301;West;TEC-PH-10003800;84,8;2;0,2;-20,1;Anna Andreadi 
US-2018-156986;20/03/2018;24/03/2018;Standard Class;ZC-21910;Zuschuss Carroll   ;Consumer   ;US;Salem;Oregon;97301;West;OFF-PA-10002005;20,7;4;0,2;7,3;Anna Andreadi 
US-2018-156986;20/03/2018;24/03/2018;Standard Class;ZC-21910;Zuschuss Carroll   ;Consumer   ;US;Salem;Oregon;97301;West;OFF-BI-10002498;16,8;3;0,7;-12,9;Anna Andreadi 
US-2018-156986;20/03/2018;24/03/2018;Standard Class;ZC-21910;Zuschuss Carroll   ;Consumer   ;US;Salem;Oregon;97301;West;OFF-PA-10004101;10,4;2;0,2;3,6;Anna Andreadi 
US-2018-157490;06/10/2018;07/10/2018;First Class   ;LB-16795;Laurel Beltran     ;Home Office;US;Pueblo;Colorado;81001;West;TEC-MA-10001695;703,7;6;0,7;-938,3;Anna Andreadi 
US-2018-157490;06/10/2018;07/10/2018;First Class   ;LB-16795;Laurel Beltran     ;Home Office;US;Pueblo;Colorado;81001;West;OFF-BI-10002824;17,9;4;0,7;-14,9;Anna Andreadi 
US-2018-157490;06/10/2018;07/10/2018;First Class   ;LB-16795;Laurel Beltran     ;Home Office;US;Pueblo;Colorado;81001;West;OFF-BI-10002571;12;4;0,7;-9,2;Anna Andreadi 
US-2018-157490;06/10/2018;07/10/2018;First Class   ;LB-16795;Laurel Beltran     ;Home Office;US;Pueblo;Colorado;81001;West;TEC-AC-10001553;68;5;0,2;0,8;Anna Andreadi 
US-2018-164189;24/03/2018;28/03/2018;Standard Class;DR-12880;Dan Reichenbach    ;Corporate  ;US;Gresham;Oregon;97030;West;TEC-PH-10003691;403,2;4;0,2;25,2;Anna Andreadi 
US-2018-168095;15/07/2018;20/07/2018;Standard Class;MC-17425;Mark Cousins       ;Corporate  ;US;Portland;Oregon;97206;West;FUR-CH-10004886;230,3;3;0,2;23;Anna Andreadi 
US-2018-168095;15/07/2018;20/07/2018;Standard Class;MC-17425;Mark Cousins       ;Corporate  ;US;Portland;Oregon;97206;West;OFF-PA-10003641;105,5;5;0,2;34,3;Anna Andreadi 
US-2019-100209;09/07/2019;15/07/2019;Standard Class;TD-20995;Tamara Dahlen      ;Consumer   ;US;Portland;Oregon;97206;West;OFF-BI-10002012;1,1;2;0,7;-0,8;Anna Andreadi 
US-2019-100398;19/08/2019;23/08/2019;Standard Class;DO-13435;Denny Ordway       ;Consumer   ;US;Salt Lake ~cit;Utah;84106;West;OFF-BI-10002133;102,7;3;0,2;37,2;Anna Andreadi 
US-2019-103226;22/09/2019;28/09/2019;Standard Class;DW-13195;David Wiener       ;Corporate  ;US;Albuquerque;New Mexico;87105;West;OFF-PA-10002666;27,2;3;0;12,2;Anna Andreadi 
US-2019-106131;14/01/2019;16/01/2019;First Class   ;TP-21565;Tracy Poddar       ;Corporate  ;US;Aurora;Colorado;80013;West;TEC-AC-10003027;169,1;7;0,2;-14,8;Anna Andreadi 
US-2019-106131;14/01/2019;16/01/2019;First Class   ;TP-21565;Tracy Poddar       ;Corporate  ;US;Aurora;Colorado;80013;West;OFF-ST-10003638;168,6;9;0,2;14,8;Anna Andreadi 
US-2019-109484;06/11/2019;12/11/2019;Standard Class;RB-19705;Roger Barcio       ;Home Office;US;Portland;Oregon;97206;West;OFF-BI-10004738;5,7;1;0,7;-3,8;Anna Andreadi 
US-2019-111745;05/11/2019;06/11/2019;First Class   ;RA-19885;Ruben Ausman       ;Corporate  ;US;Farmington;New Mexico;87401;West;TEC-AC-10003911;160;1;0;54,4;Anna Andreadi 
US-2019-112347;02/12/2019;06/12/2019;Standard Class;BS-11380;Bill Stewart       ;Corporate  ;US;Denver;Colorado;80219;West;OFF-ST-10003306;114,3;1;0,2;12,9;Anna Andreadi 
US-2019-112347;02/12/2019;06/12/2019;Standard Class;BS-11380;Bill Stewart       ;Corporate  ;US;Denver;Colorado;80219;West;OFF-BI-10003707;36,6;8;0,7;-24,4;Anna Andreadi 
US-2019-112347;02/12/2019;06/12/2019;Standard Class;BS-11380;Bill Stewart       ;Corporate  ;US;Denver;Colorado;80219;West;FUR-BO-10003546;242,4;8;0,7;-363,5;Anna Andreadi 
US-2019-112347;02/12/2019;06/12/2019;Standard Class;BS-11380;Bill Stewart       ;Corporate  ;US;Denver;Colorado;80219;West;TEC-PH-10000213;49,6;2;0,2;5;Anna Andreadi 
US-2019-112347;02/12/2019;06/12/2019;Standard Class;BS-11380;Bill Stewart       ;Corporate  ;US;Denver;Colorado;80219;West;FUR-FU-10001488;508,7;6;0,2;0;Anna Andreadi 
US-2019-112347;02/12/2019;06/12/2019;Standard Class;BS-11380;Bill Stewart       ;Corporate  ;US;Denver;Colorado;80219;West;TEC-PH-10004833;57,4;6;0,2;-14,3;Anna Andreadi 
US-2019-112347;02/12/2019;06/12/2019;Standard Class;BS-11380;Bill Stewart       ;Corporate  ;US;Denver;Colorado;80219;West;FUR-CH-10002335;906,7;5;0,2;68;Anna Andreadi 
US-2019-116897;27/05/2019;29/05/2019;First Class   ;JG-15160;James Galang       ;Consumer   ;US;Po~catello;Idaho;83201;West;FUR-FU-10004963;35;4;0;14,7;Anna Andreadi 
US-2019-116897;27/05/2019;29/05/2019;First Class   ;JG-15160;James Galang       ;Consumer   ;US;Po~catello;Idaho;83201;West;OFF-ST-10000025;477,1;5;0;28,6;Anna Andreadi 
US-2019-116897;27/05/2019;29/05/2019;First Class   ;JG-15160;James Galang       ;Consumer   ;US;Po~catello;Idaho;83201;West;TEC-PH-10004389;302,4;3;0,2;22,7;Anna Andreadi 
US-2019-125717;28/09/2019;01/10/2019;First Class   ;DS-13030;Darrin Sayre       ;Home Office;US;Aurora;Colorado;80013;West;FUR-FU-10001979;32,8;1;0,2;3,3;Anna Andreadi 
US-2019-125717;28/09/2019;01/10/2019;First Class   ;DS-13030;Darrin Sayre       ;Home Office;US;Aurora;Colorado;80013;West;OFF-ST-10001522;147,2;2;0,2;-29,4;Anna Andreadi 
US-2019-125717;28/09/2019;01/10/2019;First Class   ;DS-13030;Darrin Sayre       ;Home Office;US;Aurora;Colorado;80013;West;TEC-AC-10003657;54,4;2;0,2;1,4;Anna Andreadi 
US-2019-125717;28/09/2019;01/10/2019;First Class   ;DS-13030;Darrin Sayre       ;Home Office;US;Aurora;Colorado;80013;West;OFF-BI-10001718;76,8;4;0,7;-58,9;Anna Andreadi 
US-2019-125717;28/09/2019;01/10/2019;First Class   ;DS-13030;Darrin Sayre       ;Home Office;US;Aurora;Colorado;80013;West;OFF-PA-10003022;14,4;3;0,2;5,2;Anna Andreadi 
US-2019-125717;28/09/2019;01/10/2019;First Class   ;DS-13030;Darrin Sayre       ;Home Office;US;Aurora;Colorado;80013;West;OFF-AP-10000891;209,8;2;0,2;26,2;Anna Andreadi 
US-2019-132059;23/09/2019;29/09/2019;Standard Class;AP-10915;Arthur Prichep     ;Consumer   ;US;Fort ~collins;Colorado;80525;West;FUR-BO-10001811;180,6;2;0,7;-240,8;Anna Andreadi 
US-2019-132059;23/09/2019;29/09/2019;Standard Class;AP-10915;Arthur Prichep     ;Consumer   ;US;Fort ~collins;Colorado;80525;West;TEC-AC-10003280;48;2;0,2;0,6;Anna Andreadi 
US-2019-147655;04/09/2019;05/09/2019;First Class   ;AS-10045;Aaron Smayling     ;Corporate  ;US;Redmond;Oregon;97756;West;OFF-BI-10002931;88,1;7;0,7;-58,7;Anna Andreadi 
US-2019-148054;06/10/2019;11/10/2019;Standard Class;NZ-18565;Nick Zandusky      ;Home Office;US;Meridian;Idaho;83642;West;FUR-FU-10003247;42;2;0;2,9;Anna Andreadi 
US-2019-148054;06/10/2019;11/10/2019;Standard Class;NZ-18565;Nick Zandusky      ;Home Office;US;Meridian;Idaho;83642;West;OFF-AP-10004336;227,8;4;0;66,1;Anna Andreadi 
US-2019-148054;06/10/2019;11/10/2019;Standard Class;NZ-18565;Nick Zandusky      ;Home Office;US;Meridian;Idaho;83642;West;OFF-PA-10001295;37,9;2;0;18,2;Anna Andreadi 
US-2019-158505;21/07/2019;21/07/2019;Same Day      ;SF-20200;Sarah Foster       ;Consumer   ;US;Murray;Utah;84107;West;TEC-PH-10004071;71,9;9;0,2;6,3;Anna Andreadi 
US-2019-158505;21/07/2019;21/07/2019;Same Day      ;SF-20200;Sarah Foster       ;Consumer   ;US;Murray;Utah;84107;West;OFF-AR-10001044;26;1;0;7,5;Anna Andreadi 
US-2019-162068;28/12/2019;31/12/2019;Second Class  ;PC-18745;Pamela Coakley     ;Corporate  ;US;Loveland;Colorado;80538;West;OFF-BI-10002813;1,2;2;0,7;-1;Anna Andreadi 
US-2019-166688;20/05/2019;26/05/2019;Standard Class;RD-19480;Rick Duston        ;Consumer   ;US;Las Vegas;Nevada;89115;West;OFF-BI-10004040;8,3;2;0,2;3;Anna Andreadi 
US-2019-166688;20/05/2019;26/05/2019;Standard Class;RD-19480;Rick Duston        ;Consumer   ;US;Las Vegas;Nevada;89115;West;TEC-PH-10004094;1123,1;9;0,2;70,2;Anna Andreadi 
US-2019-166688;20/05/2019;26/05/2019;Standard Class;RD-19480;Rick Duston        ;Consumer   ;US;Las Vegas;Nevada;89115;West;OFF-AP-10000358;64,9;5;0;18,8;Anna Andreadi 
